provincia;lugar de hallazgo;sexo;fecha desaparici�n;id por;causa de muerte;a�o de id;cuerpo ;edad
Buenos Aires;Cementerio de Almirante Brown;F;16/12/1976; ADN;HB;2011;con cuerpo;22
Buenos Aires;Cementerio de Almirante Brown;F;14/03/1977; ADN;IND;2012;con cuerpo;29
Buenos Aires;Cementerio de Almirante Brown;F;14/10/1977; ADN;IND;2009;con cuerpo;28
Buenos Aires;Cementerio de Almirante Brown;M;10/02/1977; ADN;IND;2009;con cuerpo;22
Buenos Aires;Cementerio de Almirante Brown;M;30/05/1977; ADN;IND;2012;con cuerpo;26
Buenos Aires;Cementerio de Almirante Brown;M;19/06/1977; ADN;HB;2011;con cuerpo;24
Buenos Aires;Cementerio de Almirante Brown;M;19/08/1977; ADN;HB;2010;con cuerpo;25
Buenos Aires;Cementerio de Almirante Brown;M;14/10/1977; ADN;HB;2009;con cuerpo;22
Buenos Aires;Cementerio de Almirante Brown;M;14/10/1977; ADN;HB;2010;con cuerpo;31
Buenos Aires;Cementerio de Almirante Brown;M;28/08/1978; ADN;HB;2009;con cuerpo;23
Buenos Aires;Cementerio de Avellaneda- Sector 134;F;29/03/1976;ADN;HB;2004;con cuerpo;28
Buenos Aires;Cementerio de Avellaneda- Sector 134;F;04/04/1976;ADN;HB;2008;con cuerpo;24
Buenos Aires;Cementerio de Avellaneda- Sector 134;F;04/04/1976;ADN;HB;2008;con cuerpo;34
Buenos Aires;Cementerio de Avellaneda- Sector 134;F;19/04/1976;ADN;HB;2005;con cuerpo;22
Buenos Aires;Cementerio de Avellaneda- Sector 134;F;19/04/1976;ADN;HB;2006;con cuerpo;31
Buenos Aires;Cementerio de Avellaneda- Sector 134;F;19/04/1976;HUELLAS;HB;2003;sin cuerpo;21
Buenos Aires;Cementerio de Avellaneda- Sector 134;F;24/04/1976;ADN;HB;2007;con cuerpo;29
Buenos Aires;Cementerio de Avellaneda- Sector 134;F;24/04/1976;ADN;IND;2009;con cuerpo;24
Buenos Aires;Cementerio de Avellaneda- Sector 134;F;01/06/1976; ANTROPOLOGIA;HB;1991;con cuerpo;36
Buenos Aires;Cementerio de Avellaneda- Sector 134;F;13/06/1976;ADN;HB;2005;con cuerpo;23
Buenos Aires;Cementerio de Avellaneda- Sector 134;F;17/06/1976;ADN;HB;2009;con cuerpo;26
Buenos Aires;Cementerio de Avellaneda- Sector 134;F;18/06/1976;ADN;HB;2005;con cuerpo;22
Buenos Aires;Cementerio de Avellaneda- Sector 134;F;19/06/1976;ADN;HB;2004;con cuerpo;23
Buenos Aires;Cementerio de Avellaneda- Sector 134;F;19/06/1976;ADN;HB;2004;con cuerpo;24
Buenos Aires;Cementerio de Avellaneda- Sector 134;F;18/07/1976;ADN;HB;2008;con cuerpo;24
Buenos Aires;Cementerio de Avellaneda- Sector 134;F;21/07/1976;ADN;HB;2006;con cuerpo;25
Buenos Aires;Cementerio de Avellaneda- Sector 134;F;22/08/1976;ADN;HB;2009;con cuerpo;24
Buenos Aires;Cementerio de Avellaneda- Sector 134;F;18/09/1976;ADN;HB;2013;con cuerpo;27
Buenos Aires;Cementerio de Avellaneda- Sector 134;F;30/09/1976;ADN;IND;2012;con cuerpo;22
Buenos Aires;Cementerio de Avellaneda- Sector 134;F;27/10/1976;ADN;HB;1992;con cuerpo;28
Buenos Aires;Cementerio de Avellaneda- Sector 134;F;27/10/1976;ADN;HB;1992;con cuerpo;29
Buenos Aires;Cementerio de Avellaneda- Sector 134;F;04/11/1976;ADN;HB;2014;con cuerpo;20
Buenos Aires;Cementerio de Avellaneda- Sector 134;F;07/11/1976;ADN;HB;2009;con cuerpo;43
Buenos Aires;Cementerio de Avellaneda- Sector 134;F;09/11/1976;ADN;HB;2012;con cuerpo;27
Buenos Aires;Cementerio de Avellaneda- Sector 134;F;15/11/1976;ADN;IND;2014;con cuerpo;27
Buenos Aires;Cementerio de Avellaneda- Sector 134;F;17/11/1976;ADN;HB;2004;con cuerpo;29
Buenos Aires;Cementerio de Avellaneda- Sector 134;F;30/11/1976;ADN;HB;2011;con cuerpo;29
Buenos Aires;Cementerio de Avellaneda- Sector 134;F;01/12/1976;ADN;HB;2009;con cuerpo;18
Buenos Aires;Cementerio de Avellaneda- Sector 134;F;03/12/1976;ADN;HB;2009;con cuerpo;14
Buenos Aires;Cementerio de Avellaneda- Sector 134;F;21/12/1976;ADN;HB;2009;con cuerpo;22
Buenos Aires;Cementerio de Avellaneda- Sector 134;F;13/01/1977;ANTROPOLOGIA;HB;1990;con cuerpo;30
Buenos Aires;Cementerio de Avellaneda- Sector 134;F;25/01/1977;ADN;HB;2009;con cuerpo;27
Buenos Aires;Cementerio de Avellaneda- Sector 134;F;26/01/1977;ADN;HB;2023;con cuerpo;21
Buenos Aires;Cementerio de Avellaneda- Sector 134;F;08/02/1977;ADN;HB;2011;con cuerpo;57
Buenos Aires;Cementerio de Avellaneda- Sector 134;F;08/02/1977;ADN;HB;2016;con cuerpo;26
Buenos Aires;Cementerio de Avellaneda- Sector 134;F;10/02/1977;ADN;HB;2009;con cuerpo;22
Buenos Aires;Cementerio de Avellaneda- Sector 134;F;10/02/1977;ADN;HB;2010;con cuerpo;23
Buenos Aires;Cementerio de Avellaneda- Sector 134;F;31/03/1977;ADN;IND;2004;con cuerpo;16
Buenos Aires;Cementerio de Avellaneda- Sector 134;F;08/06/1977;ADN;IND;2004;con cuerpo;31
Buenos Aires;Cementerio de Avellaneda- Sector 134;F;03/11/1977; ANTROPOLOGIA;IND;1987;con cuerpo;77
Buenos Aires;Cementerio de Avellaneda- Sector 134;M;17/03/1976;HUELLAS;IND;2001;sin cuerpo;47
Buenos Aires;Cementerio de Avellaneda- Sector 134;M;27/03/1976;ADN;HB;2016;con cuerpo;29
Buenos Aires;Cementerio de Avellaneda- Sector 134;M;29/03/1976;ADN;HB;2006;con cuerpo;27
Buenos Aires;Cementerio de Avellaneda- Sector 134;M;19/04/1976;ADN;HB;2006;con cuerpo;30
Buenos Aires;Cementerio de Avellaneda- Sector 134;M;19/04/1976;ADN;HB;2009;con cuerpo;25
Buenos Aires;Cementerio de Avellaneda- Sector 134;M;27/04/1976;ADN;HB;2009;con cuerpo;28
Buenos Aires;Cementerio de Avellaneda- Sector 134;M;29/04/1976;ADN;HB;2007;con cuerpo;26
Buenos Aires;Cementerio de Avellaneda- Sector 134;M;05/05/1976;ADN;HB;2010;con cuerpo;33
Buenos Aires;Cementerio de Avellaneda- Sector 134;M;06/05/1976;ADN;HB;2009;con cuerpo;27
Buenos Aires;Cementerio de Avellaneda- Sector 134;M;07/05/1976;ADN;HB;2011;con cuerpo;30
Buenos Aires;Cementerio de Avellaneda- Sector 134;M;11/05/1976;ADN;HB;2009;con cuerpo;36
Buenos Aires;Cementerio de Avellaneda- Sector 134;M;26/05/1976;ADN;HB;2012;con cuerpo;39
Buenos Aires;Cementerio de Avellaneda- Sector 134;M;30/05/1976;ADN;HB;2012;con cuerpo;24
Buenos Aires;Cementerio de Avellaneda- Sector 134;M;30/05/1976;ADN;HB;2014;con cuerpo;44
Buenos Aires;Cementerio de Avellaneda- Sector 134;M;03/06/1976;ADN;HB;2009;con cuerpo;29
Buenos Aires;Cementerio de Avellaneda- Sector 134;M;13/06/1976;ADN;HB;2008;con cuerpo;25
Buenos Aires;Cementerio de Avellaneda- Sector 134;M;13/06/1976;ADN;HB;2013;con cuerpo;30
Buenos Aires;Cementerio de Avellaneda- Sector 134;M;30/06/1976;ADN;HB;2011;con cuerpo;26
Buenos Aires;Cementerio de Avellaneda- Sector 134;M;01/07/1976;ADN;HB;2007;con cuerpo;34
Buenos Aires;Cementerio de Avellaneda- Sector 134;M;01/07/1976;ADN;HB;2008;con cuerpo;22
Buenos Aires;Cementerio de Avellaneda- Sector 134;M;01/07/1976;ADN;HB;2018;con cuerpo;22
Buenos Aires;Cementerio de Avellaneda- Sector 134;M;07/07/1976;ADN;HB;2009;con cuerpo;18
Buenos Aires;Cementerio de Avellaneda- Sector 134;M;09/07/1976;ADN;HB;2011;con cuerpo;36
Buenos Aires;Cementerio de Avellaneda- Sector 134;M;16/07/1976;ADN;HB;2009;con cuerpo;24
Buenos Aires;Cementerio de Avellaneda- Sector 134;M;22/07/1976;ADN;HB;2009;con cuerpo;35
Buenos Aires;Cementerio de Avellaneda- Sector 134;M;10/08/1976;ADN;IND;2015;con cuerpo;(en blanco)
Buenos Aires;Cementerio de Avellaneda- Sector 134;M;10/09/1976;ADN;HB;2009;con cuerpo;25
Buenos Aires;Cementerio de Avellaneda- Sector 134;M;24/09/1976;ADN;HB;2009;con cuerpo;20
Buenos Aires;Cementerio de Avellaneda- Sector 134;M;29/09/1976;ADN;HB;2013;con cuerpo;23
Buenos Aires;Cementerio de Avellaneda- Sector 134;M;01/10/1976;ADN;HB;2014;con cuerpo;29
Buenos Aires;Cementerio de Avellaneda- Sector 134;M;07/10/1976;ADN;HB;2011;con cuerpo;47
Buenos Aires;Cementerio de Avellaneda- Sector 134;M;07/10/1976;ADN;HB;2022;con cuerpo;25
Buenos Aires;Cementerio de Avellaneda- Sector 134;M;07/10/1976;ADN;HB;2023;con cuerpo;25
Buenos Aires;Cementerio de Avellaneda- Sector 134;M;12/10/1976;ADN;HB;2012;con cuerpo;26
Buenos Aires;Cementerio de Avellaneda- Sector 134;M;25/10/1976;ADN;HB;2015;con cuerpo;34
Buenos Aires;Cementerio de Avellaneda- Sector 134;M;27/10/1976;ADN;HB;1992;con cuerpo;8
Buenos Aires;Cementerio de Avellaneda- Sector 134;M;27/10/1976;ADN;HB;1992;con cuerpo;31
Buenos Aires;Cementerio de Avellaneda- Sector 134;M;28/10/1976;ADN;HB;2009;con cuerpo;33
Buenos Aires;Cementerio de Avellaneda- Sector 134;M;30/10/1976;ADN;HB;2009;con cuerpo;21
Buenos Aires;Cementerio de Avellaneda- Sector 134;M;09/11/1976;ADN;HB;2009;con cuerpo;31
Buenos Aires;Cementerio de Avellaneda- Sector 134;M;10/11/1976;ADN;HB;2009;con cuerpo;20
Buenos Aires;Cementerio de Avellaneda- Sector 134;M;24/11/1976;ADN;HB;2009;con cuerpo;28
Buenos Aires;Cementerio de Avellaneda- Sector 134;M;24/11/1976;ADN;HB;2009;con cuerpo;29
Buenos Aires;Cementerio de Avellaneda- Sector 134;M;29/11/1976;ANTROPOLOGIA;HB;1990;con cuerpo;42
Buenos Aires;Cementerio de Avellaneda- Sector 134;M;03/12/1976;ADN;HB;2009;con cuerpo;21
Buenos Aires;Cementerio de Avellaneda- Sector 134;M;07/12/1976;ADN;HB;2009;con cuerpo;25
Buenos Aires;Cementerio de Avellaneda- Sector 134;M;15/12/1976;ADN;Politraumatismo;2021;con cuerpo;22
Buenos Aires;Cementerio de Avellaneda- Sector 134;M;16/12/1976;ADN;HB;2010;con cuerpo;24
Buenos Aires;Cementerio de Avellaneda- Sector 134;M;22/12/1976;ADN;HB;2016;con cuerpo;23
Buenos Aires;Cementerio de Avellaneda- Sector 134;M;29/12/1976;ADN;HB;2009;con cuerpo;44
Buenos Aires;Cementerio de Avellaneda- Sector 134;M;03/01/1977;ADN;HB;2012;con cuerpo;23
Buenos Aires;Cementerio de Avellaneda- Sector 134;M;09/01/1977;ADN;Politraumatismo;2011;con cuerpo;29
Buenos Aires;Cementerio de Avellaneda- Sector 134;M;12/01/1977;ADN;HB;2009;con cuerpo;28
Buenos Aires;Cementerio de Avellaneda- Sector 134;M;12/01/1977;ADN;HB;2009;con cuerpo;42
Buenos Aires;Cementerio de Avellaneda- Sector 134;M;12/01/1977;ADN;HB;2012;con cuerpo;28
Buenos Aires;Cementerio de Avellaneda- Sector 134;M;19/01/1977;ADN;HB;2013;con cuerpo;27
Buenos Aires;Cementerio de Avellaneda- Sector 134;M;20/01/1977;ADN;HB;2014;con cuerpo;24
Buenos Aires;Cementerio de Avellaneda- Sector 134;M;21/01/1977;ADN;HB;2011;con cuerpo;36
Buenos Aires;Cementerio de Avellaneda- Sector 134;M;24/01/1977;ADN;HB;2011;con cuerpo;19
Buenos Aires;Cementerio de Avellaneda- Sector 134;M;25/01/1977;ADN;HB;2009;con cuerpo;33
Buenos Aires;Cementerio de Avellaneda- Sector 134;M;26/01/1977;ADN;HB;2012;con cuerpo;23
Buenos Aires;Cementerio de Avellaneda- Sector 134;M;27/01/1977;ADN;HB;2012;con cuerpo;48
Buenos Aires;Cementerio de Avellaneda- Sector 134;M;01/02/1977;ADN;HB;2009;con cuerpo;34
Buenos Aires;Cementerio de Avellaneda- Sector 134;M;01/02/1977;ADN;HB;2011;con cuerpo;33
Buenos Aires;Cementerio de Avellaneda- Sector 134;M;07/02/1977;ADN;HB;2009;con cuerpo;30
Buenos Aires;Cementerio de Avellaneda- Sector 134;M;18/02/1977;ADN;IND;2015;con cuerpo;28
Buenos Aires;Cementerio de Avellaneda- Sector 134;M;25/03/1977;ADN;HB;2019;con cuerpo;31
Buenos Aires;Cementerio de Avellaneda- Sector 134;M;03/04/1977;ADN;HB;2010;con cuerpo;25
Buenos Aires;Cementerio de Avellaneda- Sector 134;M;21/04/1977;ADN;HB;2009;con cuerpo;22
Buenos Aires;Cementerio de Avellaneda- Sector 134;M;17/05/1977;ADN;HB;2014;con cuerpo;25
Buenos Aires;Cementerio de Avellaneda- Sector 134;M;19/05/1977;ADN;IND;2006;con cuerpo;26
Buenos Aires;Cementerio de Avellaneda- Sector 134;M;24/05/1977;ADN;HB;2007;con cuerpo;21
Buenos Aires;Cementerio de Avellaneda- Sector 134;M;26/05/1977;ADN;HB;2007;con cuerpo;26
Buenos Aires;Cementerio de Avellaneda- Sector 134;M;16/06/1977;ADN;HB;2009;con cuerpo;27
Buenos Aires;Cementerio de Avellaneda- Sector 134;M;29/07/1977;ADN;HB;2012;con cuerpo;27
Buenos Aires;Cementerio de Avellaneda- Sector 134;M;25/08/1977;ADN;HB;2016;con cuerpo;21
Buenos Aires;Cementerio de Avellaneda- Sector 134;M;11/09/1977;ADN;HB;2016;con cuerpo;22
Buenos Aires;Cementerio de Avellaneda- Sector 134;M;15/09/1977;ADN;HB;2011;con cuerpo;32
Buenos Aires;Cementerio de Avellaneda- Sector 134;M;30/09/1977;ADN;HB;2013;con cuerpo;29
Buenos Aires;Cementerio de Avellaneda-Fondo;F;12/12/1975;HUELLAS;HB;2001;sin cuerpo;25
Buenos Aires;Cementerio de Avellaneda-Fondo;F;19/12/1975;ADN;IND;2012;con cuerpo;26
Buenos Aires;Cementerio de Avellaneda-Fondo;F;23/12/1975;ADN;HB;2009;con cuerpo;24
Buenos Aires;Cementerio de Avellaneda-Fondo;F;23/12/1975;ADN;HB;2011;con cuerpo;16
Buenos Aires;Cementerio de Avellaneda-Fondo;F;23/12/1975;ADN;IND;2009;con cuerpo;25
Buenos Aires;Cementerio de Avellaneda-Fondo;F;23/12/1975;ADN;IND;2010;con cuerpo;25
Buenos Aires;Cementerio de Avellaneda-Fondo;M;23/12/1975;ADN;HB;2009;con cuerpo;21
Buenos Aires;Cementerio de Avellaneda-Fondo;M;23/12/1975;ADN;HB;2010;con cuerpo;24
Buenos Aires;Cementerio de Avellaneda-Fondo;M;23/12/1975;ADN;HB;2010;con cuerpo;26
Buenos Aires;Cementerio de Avellaneda-Fondo;M;23/12/1975;ADN;HB;2011;con cuerpo;24
Buenos Aires;Cementerio de Avellaneda-Fondo;M;23/12/1975;ADN;HB;2011;con cuerpo;25
Buenos Aires;Cementerio de Avellaneda-Fondo;M;23/12/1975;ADN;HB;2011;con cuerpo;27
Buenos Aires;Cementerio de Avellaneda-Fondo;M;23/12/1975;ADN;HB;2011;con cuerpo;33
Buenos Aires;Cementerio de Avellaneda-Fondo;M;23/12/1975;ADN;IND;2010;con cuerpo;25
Buenos Aires;Cementerio de Avellaneda-Fondo;M;23/12/1975;ADN;IND;2011;con cuerpo;19
Buenos Aires;Cementerio de Avellaneda-Fondo;M;23/12/1975;ADN;IND;2012;con cuerpo;40
Buenos Aires;Cementerio de Avellaneda-Fondo;M;23/12/1975;ADN;IND;2013;con cuerpo;21
Buenos Aires;Cementerio de Bah�a Blanca;M;05/12/1976;HUELLAS ;IND;2002;sin cuerpo;33
Buenos Aires;Cementerio de Benav�dez;F;08/07/1976;HUELLAS;HB;2002;sin cuerpo;24
Buenos Aires;Cementerio de Benav�dez;F;15/09/1979;HUELLAS;IND;2017;sin cuerpo;47
Buenos Aires;Cementerio de Benav�dez;M;18/03/1976;HUELLAS;DESMEMBRADO;2025;sin cuerpo;29
Buenos Aires;Cementerio de Benav�dez;M;06/06/1976;HUELLAS;HI;2014;sin cuerpo;31
Buenos Aires;Cementerio de Benav�dez;M;10/07/1976;HUELLAS;HB;2002;sin cuerpo;25
Buenos Aires;Cementerio de Benav�dez;M;03/11/1977;HUELLAS;Asfixia por sumersi�n;1998;sin cuerpo;37
Buenos Aires;Cementerio de Boulogne;F;16/03/1976;HUELLAS;IND;(en blanco);sin cuerpo;42
Buenos Aires;Cementerio de Boulogne;F;22/05/1976;ADN;HB;2017;con cuerpo;22
Buenos Aires;Cementerio de Boulogne;F;04/08/1976;ADN;HB;2004;con cuerpo;26
Buenos Aires;Cementerio de Boulogne;F;13/11/1976;ADN;HB;2011;con cuerpo;33
Buenos Aires;Cementerio de Boulogne;F;24/11/1976;ADN;HB;2011;con cuerpo;27
Buenos Aires;Cementerio de Boulogne;F;07/12/1976;ADN;HB;2012;con cuerpo;22
Buenos Aires;Cementerio de Boulogne;M;14/04/1976;HUELLAS;IND;2015;sin cuerpo;21
Buenos Aires;Cementerio de Boulogne;M;12/05/1976;HUELLAS;IND;2015;sin cuerpo;23
Buenos Aires;Cementerio de Boulogne;M;12/05/1976;HUELLAS;IND;2015;sin cuerpo;26
Buenos Aires;Cementerio de Boulogne;M;09/08/1976;ADN;HB;2015;con cuerpo;30
Buenos Aires;Cementerio de Boulogne;M;28/09/1976;HUELLAS;Hemotorax derecho;2014;sin cuerpo;20
Buenos Aires;Cementerio de Boulogne;M;26/10/1976;HUELLAS;HB;2005;sin cuerpo;18
Buenos Aires;Cementerio de Boulogne;M;26/11/1976;ADN;HB;2009;con cuerpo;26
Buenos Aires;Cementerio de Campana;F;18/03/1976;HUELLAS;HB;1999;sin cuerpo;33
Buenos Aires;Cementerio de Campana;F;12/07/1981;ADN ;IND;2011;con cuerpo;34
Buenos Aires;Cementerio de Campana;M;07/01/1976;HUELLAS;HB;2008;sin cuerpo;30
Buenos Aires;Cementerio de Campana;M;18/03/1976;HUELLAS;HB;2010;sin cuerpo;33
Buenos Aires;Cementerio de Ca�uelas;M;07/05/1976;HUELLAS;N/C;2011;sin cuerpo;48
Buenos Aires;Cementerio de Capilla del Se�or;M;21/02/1977; HUELLAS;HB;2011;sin cuerpo;21
Buenos Aires;Cementerio de Chascom�s;F;15/11/1976; ADN;IND;2023;con cuerpo;32
Buenos Aires;Cementerio de Escobar;M;24/03/1976;ANTROPOLOGIA;IND;1996;con cuerpo;26
Buenos Aires;Cementerio de Escobar;M;26/03/1976;ADN;IND;2009;con cuerpo;45
Buenos Aires;Cementerio de Escobar;M;26/03/1976;ADN;IND;2011;con cuerpo;23
Buenos Aires;Cementerio de Escobar;M;30/03/1976;ADN;IND;2013;con cuerpo;34
Buenos Aires;Cementerio de Escobar;M;14/04/1976;ADN;HB;2024;con cuerpo;48
Buenos Aires;Cementerio de Escobar;M;21/05/1976;ADN;IND;2014;con cuerpo;27
Buenos Aires;Cementerio de Escobar;M;01/06/1975;ADN;IND;2025;con cuerpo;18
Buenos Aires;Cementerio de Ezpeleta;F;10/02/1977;ADN;HB;2006;con cuerpo;21
Buenos Aires;Cementerio de Ezpeleta;F;11/05/1977;ADN;HB;2013;con cuerpo;19
Buenos Aires;Cementerio de Ezpeleta;M;08/03/1977;ADN;HB;2007;con cuerpo;30
Buenos Aires;Cementerio de Ezpeleta;M;21/03/1977;ADN;HB;2013;con cuerpo;22
Buenos Aires;Cementerio de Ezpeleta;M;11/05/1977;ADN;HB;2012;con cuerpo;21
Buenos Aires;Cementerio de Ezpeleta;M;11/05/1977;ADN;HB;2013;con cuerpo;20
Buenos Aires;Cementerio de Ezpeleta;M;21/10/1977;ADN;HB;2006;con cuerpo;36
Buenos Aires;Cementerio de General Lavalle;F;08/12/1977;ADN;LC x H;2005;con cuerpo;32
Buenos Aires;Cementerio de General Lavalle;F;08/12/1977;ADN;LC x H;2005;con cuerpo;53
Buenos Aires;Cementerio de General Lavalle;F;08/12/1977;ADN;LC x H;2005;con cuerpo;59
Buenos Aires;Cementerio de General Lavalle;F;10/12/1977;ADN;LC x H;2005;con cuerpo;53
Buenos Aires;Cementerio de General Lavalle;F;10/12/1977;ADN;LC x H;2005;con cuerpo;61
Buenos Aires;Cementerio de General Lavalle;F;07/07/1978;ADN;IND;2007;con cuerpo;25
Buenos Aires;Cementerio de General Lavalle;F;25/07/1978;ADN;IND;2006;con cuerpo;33
Buenos Aires;Cementerio de General Lavalle;F;02/09/1978;ADN;IND;2007;con cuerpo;24
Buenos Aires;Cementerio de General Lavalle;M;06/02/1976;ADN;IND;2007;con cuerpo;20
Buenos Aires;Cementerio de General Lavalle;M;08/07/1976;ADN;IND;2024;con cuerpo;40
Buenos Aires;Cementerio de General Lavalle;M;23/02/1977;ADN;LC x H;2009;con cuerpo;25
Buenos Aires;Cementerio de General Lavalle;M;23/02/1977;ADN;LC x H;2009;con cuerpo;28
Buenos Aires;Cementerio de General Lavalle;M;11/05/1977;ADN;LC x H;2009;con cuerpo;38
Buenos Aires;Cementerio de General Lavalle;M;11/11/1977;ADN;LC x H;2009;con cuerpo;22
Buenos Aires;Cementerio de General Lavalle;M;11/01/1978;ADN;LC x H;2012;con cuerpo;16
Buenos Aires;Cementerio de General Lavalle;M;16/05/1978;ADN;LC x H;2011;con cuerpo;32
Buenos Aires;Cementerio de General Lavalle;M;17/06/1978;ADN;IND;2011;con cuerpo;34
Buenos Aires;Cementerio de General Lavalle;M;26/06/1978;ADN;IND;2007;con cuerpo;36
Buenos Aires;Cementerio de General Lavalle;M;10/07/1978;ADN;IND;2006;con cuerpo;30
Buenos Aires;Cementerio de General Lavalle;M;01/09/1978;ADN;IND;2021;con cuerpo;27
Buenos Aires;Cementerio de General Lavalle;M;02/09/1978;ADN;IND;2007;con cuerpo;28
Buenos Aires;Cementerio de General Madariaga;M;26/06/1978;ADN;LC x H;2006;con cuerpo;36
Buenos Aires;Cementerio de General Madariaga;M;27/06/1978;ADN;LC x H;2006;con cuerpo;24
Buenos Aires;Cementerio de General San Mart�n;F;10/04/1976;HUELLAS;HITraumatica;2004;sin cuerpo;28
Buenos Aires;Cementerio de General San Mart�n;F;01/07/1976;ADN;IND;2005;con cuerpo;38
Buenos Aires;Cementerio de General San Mart�n;F;06/08/1976;ADN;IND;2013;con cuerpo;58
Buenos Aires;Cementerio de General San Mart�n;F;16/09/1976;ADN;HB;2009;con cuerpo;32
Buenos Aires;Cementerio de General San Mart�n;F;16/10/1976;ADN;IND;2009;con cuerpo;25
Buenos Aires;Cementerio de General San Mart�n;F;27/10/1976;ADN;HB;2009;con cuerpo;23
Buenos Aires;Cementerio de General San Mart�n;F;28/10/1976;ADN;HB;2010;con cuerpo;35
Buenos Aires;Cementerio de General San Mart�n;F;26/11/1976;ADN;HB;2010;con cuerpo;22
Buenos Aires;Cementerio de General San Mart�n;F;26/11/1976;ADN;IND;2010;con cuerpo;28
Buenos Aires;Cementerio de General San Mart�n;F;09/12/1976;ADN;HB;2011;con cuerpo;20
Buenos Aires;Cementerio de General San Mart�n;F;10/12/1976;ADN;IND;2009;con cuerpo;21
Buenos Aires;Cementerio de General San Mart�n;F;20/12/1976;ADN;IND;2019;con cuerpo;23
Buenos Aires;Cementerio de General San Mart�n;F;24/12/1976;ADN;IND;2011;con cuerpo;31
Buenos Aires;Cementerio de General San Mart�n;F;17/01/1978;ADN;HB;2018;con cuerpo;23
Buenos Aires;Cementerio de General San Mart�n;M;13/04/1976;HUELLAS;Destruc masa encefalica;2004;sin cuerpo;34
Buenos Aires;Cementerio de General San Mart�n;M;06/05/1976;HUELLAS;Destruc masa encefalica;2004;sin cuerpo;38
Buenos Aires;Cementerio de General San Mart�n;M;06/06/1976;ADN;HB;2010;con cuerpo;25
Buenos Aires;Cementerio de General San Mart�n;M;01/07/1976;ADN;HB;2002;con cuerpo;43
Buenos Aires;Cementerio de General San Mart�n;M;08/07/1976;ADN;HB;2011;con cuerpo;26
Buenos Aires;Cementerio de General San Mart�n;M;10/07/1976;HUELLAS;HB;2018;sin cuerpo;23
Buenos Aires;Cementerio de General San Mart�n;M;17/09/1976;ADN;HB;2015;con cuerpo;26
Buenos Aires;Cementerio de General San Mart�n;M;03/11/1976;ADN;IND;2022;con cuerpo;59
Buenos Aires;Cementerio de General San Mart�n;M;18/11/1976;ADN;IND;2022;con cuerpo;30
Buenos Aires;Cementerio de General San Mart�n;M;24/11/1976;ADN;IND;2012;con cuerpo;32
Buenos Aires;Cementerio de General San Mart�n;M;25/11/1976;ADN;HB;2010;con cuerpo;39
Buenos Aires;Cementerio de General San Mart�n;M;30/11/1976;ADN;HB;2011;con cuerpo;42
Buenos Aires;Cementerio de General San Mart�n;M;01/12/1976;ADN;IND;2011;con cuerpo;20
Buenos Aires;Cementerio de General San Mart�n;M;01/12/1976;ADN;IND;2011;con cuerpo;36
Buenos Aires;Cementerio de General San Mart�n;M;23/12/1976;ADN;IND;2022;con cuerpo;33
Buenos Aires;Cementerio de General San Mart�n;M;27/12/1976;ADN;HB;2013;con cuerpo;30
Buenos Aires;Cementerio de General San Mart�n;M;01/02/1977;ADN;IND;2012;con cuerpo;37
Buenos Aires;Cementerio de General San Mart�n;M;04/03/1977;ADN;IND;2011;con cuerpo;30
Buenos Aires;Cementerio de General San Mart�n;M;14/04/1977;HUELLAS;HB;2014;sin cuerpo;25
Buenos Aires;Cementerio de General San Mart�n;M;14/04/1977;HUELLAS;HB;2023;sin cuerpo;21
Buenos Aires;Cementerio de General San Mart�n;M;09/07/1977;ADN;HB;2001;con cuerpo;24
Buenos Aires;Cementerio de General San Mart�n;M;15/08/1977;HUELLAS;N/C;2003;sin cuerpo;27
Buenos Aires;Cementerio de General San Mart�n;M;17/01/1978;ADN;HB;2014;con cuerpo;24
Buenos Aires;Cementerio de La Plata;F;12/04/1977;ADN;IND;2013;con cuerpo;26
Buenos Aires;Cementerio de La Plata;F;22/04/1977;ADN;HB;2014;con cuerpo;25
Buenos Aires;Cementerio de La Plata;F;03/06/1977;ADN;HB;2011;con cuerpo;27
Buenos Aires;Cementerio de La Plata;F;02/07/1977;ADN;HB;2008;con cuerpo;23
Buenos Aires;Cementerio de La Plata;F;01/08/1977;ADN;HB;2011;con cuerpo;23
Buenos Aires;Cementerio de La Plata;F;12/08/1977;ADN;HB;2008;con cuerpo;33
Buenos Aires;Cementerio de La Plata;F;12/08/1977;ADN;HB;2022;con cuerpo;24
Buenos Aires;Cementerio de La Plata;F;22/08/1977;ADN;HB;2008;con cuerpo;44
Buenos Aires;Cementerio de La Plata;F;06/09/1977;ADN;HB;2007;con cuerpo;23
Buenos Aires;Cementerio de La Plata;F;09/10/1977;ADN;HB;2010;con cuerpo;22
Buenos Aires;Cementerio de La Plata;F;10/10/1977;ADN;IND;2004;con cuerpo;26
Buenos Aires;Cementerio de La Plata;F;11/10/1977;ADN;HB;2012;con cuerpo;19
Buenos Aires;Cementerio de La Plata;F;22/11/1977;ADN;HB;1999;con cuerpo;27
Buenos Aires;Cementerio de La Plata;F;22/11/1977;ADN;IND;1999;con cuerpo;25
Buenos Aires;Cementerio de La Plata;F;27/11/1977;ADN;HB;1999;con cuerpo;25
Buenos Aires;Cementerio de La Plata;M;09(06/1977;ADN;HB;2014;con cuerpo;28
Buenos Aires;Cementerio de La Plata;M;19/01/1976; HUELLAS;HB;2020;sin cuerpo;23
Buenos Aires;Cementerio de La Plata;M;11/05/1976; HUELLAS;Asfixia por sumersi�n;2019;sin cuerpo;40
Buenos Aires;Cementerio de La Plata;M;04/06/1976;ADN;N/C;2024;sin cuerpo;38
Buenos Aires;Cementerio de La Plata;M;04/06/1976;HUELLAS ;N/C;2024;sin cuerpo;32
Buenos Aires;Cementerio de La Plata;M;19/06/1976;ADN;HB;2011;con cuerpo;22
Buenos Aires;Cementerio de La Plata;M;07/08/1976; HUELLAS;HB;2011;sin cuerpo;27
Buenos Aires;Cementerio de La Plata;M;28/08/1976;ADN;HB;2012;con cuerpo;24
Buenos Aires;Cementerio de La Plata;M;25/09/1976;ADN;HB;2011;con cuerpo;20
Buenos Aires;Cementerio de La Plata;M;14/10/1976;ADN;HB;2011;con cuerpo;22
Buenos Aires;Cementerio de La Plata;M;06/12/1976;ADN;HB;2014;con cuerpo;23
Buenos Aires;Cementerio de La Plata;M;22/12/1976; HUELLAS;HB;2011;sin cuerpo;22
Buenos Aires;Cementerio de La Plata;M;22/12/1976;ADN;IND;2011;con cuerpo;25
Buenos Aires;Cementerio de La Plata;M;25/01/1977;ADN;HB;2011;con cuerpo;20
Buenos Aires;Cementerio de La Plata;M;08/02/1977; HUELLAS;HB;1997;sin cuerpo;26
Buenos Aires;Cementerio de La Plata;M;10/06/1977; HUELLAS;HB;2017;sin cuerpo;20
Buenos Aires;Cementerio de La Plata;M;10/06/1977;ADN;HB;2017;con cuerpo;20
Buenos Aires;Cementerio de La Plata;M;10/06/1977;ADN;HB;2017;con cuerpo;25
Buenos Aires;Cementerio de La Plata;M;21/06/1977;ADN;HB;2011;con cuerpo;24
Buenos Aires;Cementerio de La Plata;M;12/08/1977;ADN;HB;2009;con cuerpo;29
Buenos Aires;Cementerio de La Plata;M;12/08/1977;ADN;HB;2010;con cuerpo;27
Buenos Aires;Cementerio de La Plata;M;22/08/1977;ADN;HB;2008;con cuerpo;48
Buenos Aires;Cementerio de La Plata;M;01/10/1977;ADN;HB;2010;con cuerpo;29
Buenos Aires;Cementerio de La Plata;M;11/10/1977;ADN;HB;2012;con cuerpo;31
Buenos Aires;Cementerio de La Plata;M;11/10/1977;ADN;HB;2023;con cuerpo;26
Buenos Aires;Cementerio de La Plata;M;18/10/1977;ADN;HB;2010;con cuerpo;22
Buenos Aires;Cementerio de La Plata;M;19/10/1977;ADN;HB;2010;con cuerpo;33
Buenos Aires;Cementerio de La Plata;M;06/12/1977;ADN;HB;2011;con cuerpo;56
Buenos Aires;Cementerio de La Plata;M;06/12/1977;ADN;HB;2018;con cuerpo;22
Buenos Aires;Cementerio de La Plata;M;27/12/1977;ADN;HB;2007;con cuerpo;25
Buenos Aires;Cementerio de Lomas de Zamora;F;19/06/1976; ADN;HB;2010;con cuerpo;25
Buenos Aires;Cementerio de Lomas de Zamora;F;11/07/1976; ADN;HB;2016;con cuerpo;21
Buenos Aires;Cementerio de Lomas de Zamora;F;11/07/1976; ADN;HB;2016;con cuerpo;24
Buenos Aires;Cementerio de Lomas de Zamora;F;07/09/1976; HUELLAS - ANTROPOLOGIA;HB;1993;con cuerpo;25
Buenos Aires;Cementerio de Lomas de Zamora;F;07/09/1976; HUELLAS - ANTROPOLOGIA;HB;1993;con cuerpo;34
Buenos Aires;Cementerio de Lomas de Zamora;F;19/01/1977; ADN;IND;2009;con cuerpo;23
Buenos Aires;Cementerio de Lomas de Zamora;F;23/03/1977; ADN;HB;2010;con cuerpo;28
Buenos Aires;Cementerio de Lomas de Zamora;F;31/03/1977; ADN;IND;2009;con cuerpo;40
Buenos Aires;Cementerio de Lomas de Zamora;F;06/04/1977; ADN;HB;2009;con cuerpo;32
Buenos Aires;Cementerio de Lomas de Zamora;F;07/04/1977; ADN;HB;2010;con cuerpo;51
Buenos Aires;Cementerio de Lomas de Zamora;F;14/04/1977; ADN;HB;2009;con cuerpo;32
Buenos Aires;Cementerio de Lomas de Zamora;F;28/04/1977; ADN;HB;2009;con cuerpo;19
Buenos Aires;Cementerio de Lomas de Zamora;F;29/04/1977; ADN;IND;2006;con cuerpo;31
Buenos Aires;Cementerio de Lomas de Zamora;F;04/06/1977; ADN;HB;2011;con cuerpo;31
Buenos Aires;Cementerio de Lomas de Zamora;F;24/10/1977; ADN;HB;2016;con cuerpo;31
Buenos Aires;Cementerio de Lomas de Zamora;F;01/02/1978; ADN;HB;2007;con cuerpo;25
Buenos Aires;Cementerio de Lomas de Zamora;F;03/02/1978; HUELLAS - ANTROPOLOGIA;HB;1993;con cuerpo;32
Buenos Aires;Cementerio de Lomas de Zamora;F;18/02/1978; ADN;HB;2009;con cuerpo;18
Buenos Aires;Cementerio de Lomas de Zamora;F;24/02/1978; ADN;HB;2009;con cuerpo;18
Buenos Aires;Cementerio de Lomas de Zamora;F;03/03/1978; ADN;IND;2007;con cuerpo;21
Buenos Aires;Cementerio de Lomas de Zamora;F;06/03/1978;HUELLAS;HB;2025;sin cuerpo;56
Buenos Aires;Cementerio de Lomas de Zamora;M;03/11/1975;  ANTROPOLOGIA;HB;1994;con cuerpo;26
Buenos Aires;Cementerio de Lomas de Zamora;M;11/07/1976; ADN;HB;2016;con cuerpo;25
Buenos Aires;Cementerio de Lomas de Zamora;M;07/09/1976; HUELLAS - ANTROPOLOGIA;HB;1993;con cuerpo;27
Buenos Aires;Cementerio de Lomas de Zamora;M;29/11/1976; ADN;HB;2009;con cuerpo;20
Buenos Aires;Cementerio de Lomas de Zamora;M;01/12/1976; HUELLAS ;HB;2014;sin cuerpo;19
Buenos Aires;Cementerio de Lomas de Zamora;M;07/12/1976; ADN;HB;2010;con cuerpo;23
Buenos Aires;Cementerio de Lomas de Zamora;M;07/12/1976; ADN;HB;2010;con cuerpo;28
Buenos Aires;Cementerio de Lomas de Zamora;M;07/12/1976; ADN;HB;2010;con cuerpo;31
Buenos Aires;Cementerio de Lomas de Zamora;M;08/12/1976; ADN;HB;2009;con cuerpo;28
Buenos Aires;Cementerio de Lomas de Zamora;M;10/12/1976; ADN;HB;2014;con cuerpo;27
Buenos Aires;Cementerio de Lomas de Zamora;M;10/12/1976; ADN;HB;2015;con cuerpo;31
Buenos Aires;Cementerio de Lomas de Zamora;M;20/01/1977; ADN;HB;2013;con cuerpo;13
Buenos Aires;Cementerio de Lomas de Zamora;M;25/01/1977; ADN;HB;2010;con cuerpo;24
Buenos Aires;Cementerio de Lomas de Zamora;M;25/01/1977; ADN;HB;2014;con cuerpo;22
Buenos Aires;Cementerio de Lomas de Zamora;M;02/02/1977;ADN;HB;2024;con cuerpo;32
Buenos Aires;Cementerio de Lomas de Zamora;M;10/03/1977; ADN;HB;2009;con cuerpo;32
Buenos Aires;Cementerio de Lomas de Zamora;M;16/03/1977; ADN;HB;2020;con cuerpo;60
Buenos Aires;Cementerio de Lomas de Zamora;M;16/03/1977;HUELLAS;HB;2025;sin cuerpo;66
Buenos Aires;Cementerio de Lomas de Zamora;M;17/03/1977; HUELLAS - ANTROPOLOGIA;HB;1991;con cuerpo;35
Buenos Aires;Cementerio de Lomas de Zamora;M;23/03/1977; ADN;HB;2017;con cuerpo;30
Buenos Aires;Cementerio de Lomas de Zamora;M;02/04/1977; ADN;HB;2012;con cuerpo;28
Buenos Aires;Cementerio de Lomas de Zamora;M;06/04/1977; ADN;HB;2006;con cuerpo;68
Buenos Aires;Cementerio de Lomas de Zamora;M;06/04/1977; ADN;HB;2007;con cuerpo;31
Buenos Aires;Cementerio de Lomas de Zamora;M;06/04/1977; ADN;HB;2009;con cuerpo;28
Buenos Aires;Cementerio de Lomas de Zamora;M;06/04/1977; ADN;HB;2019;con cuerpo;52
Buenos Aires;Cementerio de Lomas de Zamora;M;19/04/1977; ADN;HB;2006;con cuerpo;27
Buenos Aires;Cementerio de Lomas de Zamora;M;19/04/1977; ADN;HB;2010;con cuerpo;32
Buenos Aires;Cementerio de Lomas de Zamora;M;19/04/1977; ADN;HB;2013;con cuerpo;30
Buenos Aires;Cementerio de Lomas de Zamora;M;19/04/1977; ADN;IND;2007;con cuerpo;26
Buenos Aires;Cementerio de Lomas de Zamora;M;29/04/1977; ADN;IND;2007;con cuerpo;29
Buenos Aires;Cementerio de Lomas de Zamora;M;14/05/1977; ADN;HB;2015;con cuerpo;25
Buenos Aires;Cementerio de Lomas de Zamora;M;29/06/1977; ADN;HB;2009;con cuerpo;43
Buenos Aires;Cementerio de Lomas de Zamora;M;16/08/1977; HUELLAS - ANTROPOLOGIA;HB;2002;con cuerpo;29
Buenos Aires;Cementerio de Lomas de Zamora;M;17/08/1977; ANTROPOLOGIA;HB;2000;con cuerpo;32
Buenos Aires;Cementerio de Lomas de Zamora;M;16/09/1977; ADN;HB;2005;con cuerpo;24
Buenos Aires;Cementerio de Lomas de Zamora;M;01/02/1978; ADN;HB;2008;con cuerpo;23
Buenos Aires;Cementerio de Lomas de Zamora;M;21/02/1978; ADN;HB;2009;con cuerpo;20
Buenos Aires;Cementerio de Lomas de Zamora;M;24/02/1978; ADN;HB;2009;con cuerpo;27
Buenos Aires;Cementerio de Lomas de Zamora;M;06/03/1978;ADN;HB;2025;con cuerpo;26
Buenos Aires;Cementerio de Magdalena;F;07/07/1976;HUELLAS;HB;1999;sin cuerpo;40
Buenos Aires;Cementerio de Magdalena;F;01/11/1976; ANTROPOLOGIA;HB;1996;con cuerpo;34
Buenos Aires;Cementerio de Magdalena;F;27/12/1978;HUELLAS;N/C;2015;sin cuerpo;30
Buenos Aires;Cementerio de Magdalena;M;23/04/1976;HUELLAS;N/C;2017;sin cuerpo;30
Buenos Aires;Cementerio de Magdalena;M;07/07/1976;HUELLAS;HB;1999;sin cuerpo;34
Buenos Aires;Cementerio de Magdalena;M;05/11/1976; ADN;LC x H;2011;con cuerpo;17
Buenos Aires;Cementerio de Magdalena;M;05/11/1976; ADN;LC x H;2011;con cuerpo;18
Buenos Aires;Cementerio de Magdalena;M;12/01/1977; ADN;HB;2019;con cuerpo;27
Buenos Aires;Cementerio de Moreno;F;29/03/1976;ADN;HB;2004;con cuerpo;32
Buenos Aires;Cementerio de Moreno;F;29/03/1976;ADN;HB;2004;con cuerpo;33
Buenos Aires;Cementerio de Moreno;F;03/04/1976;ADN;IND;2011;con cuerpo;41
Buenos Aires;Cementerio de Moreno;M;26/03/1976;ADN;IND;2013;con cuerpo;33
Buenos Aires;Cementerio de Moreno;M;27/03/1976;ADN;IND;2014;con cuerpo;31
Buenos Aires;Cementerio de Moreno;M;29/03/1976;ADN;HB;2008;con cuerpo;24
Buenos Aires;Cementerio de Moreno;M;29/03/1976;ADN;HB;2009;con cuerpo;28
Buenos Aires;Cementerio de Moreno;M;29/03/1976;ADN;HB;2010;con cuerpo;27
Buenos Aires;Cementerio de Moreno;M;29/03/1976;ADN;HB;2011;con cuerpo;31
Buenos Aires;Cementerio de Moreno;M;06/04/1976;ADN;IND;2010;con cuerpo;48
Buenos Aires;Cementerio de Moreno;M;06/04/1976;ADN;IND;2011;con cuerpo;23
Buenos Aires;Cementerio de Moreno;M;07/04/1976;ADN;IND;2009;con cuerpo;34
Buenos Aires;Cementerio de Mor�n;F;16/05/1976;HUELLAS;N/C;2014;sin cuerpo;19
Buenos Aires;Cementerio de Mor�n;M;18/03/1976;HUELLAS;IND;2008;sin cuerpo;25
Buenos Aires;Cementerio de Mor�n;M;18/03/1976;HUELLAS;IND;2008;sin cuerpo;27
Buenos Aires;Cementerio de Mor�n;M;15/08/1976;HUELLAS;HB;2002;sin cuerpo;22
Buenos Aires;Cementerio de Mor�n;M;22/12/1976;HUELLAS;HB;2014;sin cuerpo;29
Buenos Aires;Cementerio de Mor�n;M;09/09/1977;HUELLAS;HB;2002;sin cuerpo;33
Buenos Aires;Cementerio de Mor�n;M;09/06/1978;HUELLAS;HB;2023;sin cuerpo;39
Buenos Aires;Cementerio de Olivos;F;24/11/1976;ADN;HB;2009;con cuerpo;24
Buenos Aires;Cementerio de Olivos;F;01/12/1976;ADN;HB;2009;con cuerpo;23
Buenos Aires;Cementerio de Olivos;F;09/12/1976;ADN;HB;2011;con cuerpo;22
Buenos Aires;Cementerio de Olivos;F;13/01/1977;ADN;HB;2011;con cuerpo;25
Buenos Aires;Cementerio de Olivos;M;10/08/1976;HUELLAS;HI;2010;sin cuerpo;24
Buenos Aires;Cementerio de Olivos;M;08/11/1976;ADN;IND;2009;con cuerpo;31
Buenos Aires;Cementerio de Olivos;M;13/11/1976;ADN;HB;2009;con cuerpo;35
Buenos Aires;Cementerio de Olivos;M;13/11/1976;ADN;IND;2011;con cuerpo;33
Buenos Aires;Cementerio de Olivos;M;30/11/1976;ADN;IND;2011;con cuerpo;32
Buenos Aires;Cementerio de Pergamino;M;04/03/1976;HUELLAS;HB;2008;sin cuerpo;21
Buenos Aires;Cementerio de Pergamino;M;07/07/1976;HUELLAS;HB;2010;sin cuerpo;33
Buenos Aires;Cementerio de Presidente Derqui;F;27/07/1976;ADN;HB;2010;con cuerpo;51
Buenos Aires;Cementerio de Presidente Derqui;F;27/07/1976;ADN;HB;2014;con cuerpo;29
Buenos Aires;Cementerio de Presidente Derqui;F;30/07/1976;ADN;HB;2010;con cuerpo;19
Buenos Aires;Cementerio de Presidente Derqui;F;03/08/1976;ADN;HB;2000;con cuerpo;19
Buenos Aires;Cementerio de Presidente Derqui;F;04/08/1976;ADN;HB;2006;con cuerpo;26
Buenos Aires;Cementerio de Presidente Derqui;F;04/08/1976;ADN;HB;2006;con cuerpo;53
Buenos Aires;Cementerio de Presidente Derqui;F;11/08/1976;ADN;HB;1999;con cuerpo;37
Buenos Aires;Cementerio de Presidente Derqui;M;12/07/1976;ADN;HB;2004;con cuerpo;29
Buenos Aires;Cementerio de Presidente Derqui;M;13/07/1976;ADN;HB;2012;con cuerpo;26
Buenos Aires;Cementerio de Presidente Derqui;M;15/07/1976;ADN;HB;2012;con cuerpo;28
Buenos Aires;Cementerio de Presidente Derqui;M;17/07/1976;ADN;HB;2006;con cuerpo;21
Buenos Aires;Cementerio de Presidente Derqui;M;21/07/1976;ADN;HB;2004;con cuerpo;30
Buenos Aires;Cementerio de Presidente Derqui;M;27/07/1976;ADN;HB;2006;con cuerpo;29
Buenos Aires;Cementerio de Presidente Derqui;M;28/07/1976;ADN;IND;2024;con cuerpo;33
Buenos Aires;Cementerio de Presidente Derqui;M;30/07/1976;ADN;HB;2009;con cuerpo;40
Buenos Aires;Cementerio de Presidente Derqui;M;31/07/1976;ADN;HB;2010;con cuerpo;29
Buenos Aires;Cementerio de Presidente Derqui;M;03/08/1976;ADN;HB;2004;con cuerpo;24
Buenos Aires;Cementerio de Presidente Derqui;M;05/08/1976;ADN;HB;2019;con cuerpo;20
Buenos Aires;Cementerio de Presidente Derqui;M;06/08/1976;ADN;HB;2011;con cuerpo;20
Buenos Aires;Cementerio de Presidente Derqui;M;07/08/1976;ADN;HB;2006;con cuerpo;21
Buenos Aires;Cementerio de San Fernando;F;31/05/1976;HUELLAS;HB;2003;sin cuerpo;22
Buenos Aires;Cementerio de San Fernando;F;13/09/1976;HUELLAS;HB;2001;con cuerpo;40
Buenos Aires;Cementerio de San Fernando;F;14/09/1976;ANTROPOLOGIA;HB;1989;con cuerpo;24
Buenos Aires;Cementerio de San Fernando;M;29/02/1976;HUELLAS;Electrocuci�n;2016;sin cuerpo;17
Buenos Aires;Cementerio de San Fernando;M;30/07/1976;ANTROPOLOGIA;HB;1989;con cuerpo;26
Buenos Aires;Cementerio de San Fernando;M;24/08/1976;ANTROPOLOGIA;HB;1989;con cuerpo;20
Buenos Aires;Cementerio de San Fernando;M;11/09/1976;ANTROPOLOGIA;HB;1989;con cuerpo;51
Buenos Aires;Cementerio de San Fernando;M;14/09/1976;ANTROPOLOGIA;HB;1989;con cuerpo;26
Buenos Aires;Cementerio de San Fernando;M;26/09/1976;ADN;HB;2009;con cuerpo;40
Buenos Aires;Cementerio de San Fernando;M;24/10/1977;HUELLAS;Asfixia por sumersi�n;2001;sin cuerpo;26
Buenos Aires;Cementerio de San Nicolas de los Arroyos;M;06/11/1976;HUELLAS;N/C;2001;sin cuerpo;32
Buenos Aires;Cementerio de Villa Gesell;M;26/07/1978;ADN;LC x H;2006;con cuerpo;32
Buenos Aires;Cementerio de Villegas;F;01/11/1976;ADN;HB;2014;con cuerpo;26
Buenos Aires;Cementerio de Villegas;F;19/11/1976;ADN;HB;2013;con cuerpo;27
Buenos Aires;Cementerio de Villegas;F;17/12/1976;ADN;HB;2014;con cuerpo;23
Buenos Aires;Cementerio de Villegas;F;17/12/1976;ADN;HB;2015;con cuerpo;22
Buenos Aires;Cementerio de Villegas;F;20/12/1976;ADN;HB;2011;con cuerpo;21
Buenos Aires;Cementerio de Villegas;F;28/12/1976;ADN;HB;2011;con cuerpo;28
Buenos Aires;Cementerio de Villegas;F;02/01/1977;ADN;HB;2011;con cuerpo;22
Buenos Aires;Cementerio de Villegas;F;01/03/1977;ADN;IND;1999;con cuerpo;29
Buenos Aires;Cementerio de Villegas;F;18/03/1977;ADN;HB;2001;con cuerpo;47
Buenos Aires;Cementerio de Villegas;F;19/03/1977;HUELLAS;IND;2011;sin cuerpo;32
Buenos Aires;Cementerio de Villegas;F;29/04/1977;ADN;IND;2009;con cuerpo;26
Buenos Aires;Cementerio de Villegas;M;23/04/1976;ANTROPOLOGIA;IND;1989;con cuerpo;18
Buenos Aires;Cementerio de Villegas;M;23/04/1976;ANTROPOLOGIA;IND;1989;con cuerpo;34
Buenos Aires;Cementerio de Villegas;M;14/05/1976;HUELLAS;Hemorragia int. y ext.;2014;sin cuerpo;19
Buenos Aires;Cementerio de Villegas;M;12/07/1976;HUELLAS;Traumatismo de craneo;2001;sin cuerpo;36
Buenos Aires;Cementerio de Villegas;M;27/10/1976;ADN;HB;2009;con cuerpo;42
Buenos Aires;Cementerio de Villegas;M;05/11/1976;ADN;HB;2010;con cuerpo;37
Buenos Aires;Cementerio de Villegas;M;17/11/1976;ADN;HB;2009;con cuerpo;47
Buenos Aires;Cementerio de Villegas;M;06/12/1976;ADN;HB;2013;con cuerpo;38
Buenos Aires;Cementerio de Villegas;M;16/12/1976;ADN;HB;2013;con cuerpo;28
Buenos Aires;Cementerio de Villegas;M;17/12/1976;ADN;HB;2012;con cuerpo;25
Buenos Aires;Cementerio de Villegas;M;20/12/1976;ADN;HB;2011;con cuerpo;22
Buenos Aires;Cementerio de Villegas;M;22/12/1976;ADN;HB;2014;con cuerpo;28
Buenos Aires;Cementerio de Villegas;M;10/02/1977;HUELLAS;IND;1984;sin cuerpo;34
Buenos Aires;Cementerio de Villegas;M;22/02/1977;HUELLAS;HB;1998;sin cuerpo;25
Buenos Aires;Cementerio de Villegas;M;11/03/1977;HUELLAS;HB;2004;sin cuerpo;36
Buenos Aires;Cementerio de Villegas;M;18/03/1977;ADN;HB;2001;con cuerpo;59
Buenos Aires;Cementerio de Villegas;M;13/05/1977;ADN;HB;2009;con cuerpo;28
Buenos Aires;Cementerio de Villegas;M;13/05/1977;HUELLAS;HB;2015;sin cuerpo;47
Buenos Aires;Cementerio de Villegas;M;24/06/1977;ADN;HB;2008;con cuerpo;34
Buenos Aires;Cementerio de Villegas;M;30/06/1977;HUELLAS;N/C;1999;sin cuerpo;29
Buenos Aires;Cementerio de Villegas;M;28/07/1977;ADN;HB;2011;con cuerpo;27
Buenos Aires;Cementerio de Villegas;M;02/03/1978;ANTROPOLOGIA;HB;1987;con cuerpo;29
Buenos Aires;Cementerio de Villegas;M;13/08/1978;HUELLAS;HB;2007;sin cuerpo;32
Buenos Aires;Cementerio Norte de San Andres de Giles;F;12/12/1975;ADN;HB;2010;con cuerpo;30
Buenos Aires;Cementerio Norte de San Andres de Giles;M;12/12/1975;ADN;IND;2010;con cuerpo;27
Buenos Aires;Cementerio Norte de San Andres de Giles;M;15/12/1975;ADN;HB;2019;con cuerpo;22
Buenos Aires;Cementerio Norte de San Andres de Giles;M;25/08/1976;ADN;HB;2014;con cuerpo;33
Buenos Aires;Cementerio Norte de San Andres de Giles;M;25/08/1976;ADN;IND;2010;con cuerpo;32
Buenos Aires;Cementerio Parque;F;21/04/1976;HUELLAS;HB;2008;sin cuerpo;22
Buenos Aires;Cementerio Parque;F;05/10/1977; ANTROPOLOGIA;HB;1985;con cuerpo;21
Buenos Aires;Cementerio Parque;F;04/05/1978; ADN;HB;2011;con cuerpo;32
Buenos Aires;Cementerio Parque;F;04/05/1978; ADN;HB;2012;con cuerpo;34
Buenos Aires;Cementerio Parque;F;01/06/1978; ANTROPOLOGIA;HB;1999;con cuerpo;27
Buenos Aires;Cementerio Parque;F;12/07/1978; ADN;Politraumatismo;2011;con cuerpo;29
Buenos Aires;Cementerio Parque;F;06/08/1978;HUELLAS;N/C;2002;sin cuerpo;26
Buenos Aires;Cementerio Parque;M;21/04/1976;HUELLAS;HB;2008;sin cuerpo;22
Buenos Aires;Cementerio Parque;M;01/09/1977; ADN;HB;2007;con cuerpo;40
Buenos Aires;Cementerio Parque;M;02/09/1977; ADN;HB;2007;con cuerpo;28
Buenos Aires;Cementerio Parque;M;21/09/1977; ADN;HB;2007;con cuerpo;28
Buenos Aires;Cementerio Parque;M;03/03/1978; ADN;HB;2011;con cuerpo;45
Buenos Aires;Cementerio Parque;M;29/03/1978; ANTROPOLOGIA;HB;1988;con cuerpo;38
Buenos Aires;Cementerio Parque;M;04/05/1978; ADN;Politraumatismo;2012;con cuerpo;34
Buenos Aires;Cementerio Parque;M;01/06/1978; ADN;HB;2004;con cuerpo;21
Buenos Aires;Cementerio Parque Grand Bourg;F;12/06/1976;ANTROPOLOGIA;HB;1986;con cuerpo;19
Buenos Aires;Cementerio Parque Grand Bourg;M;04/11/1976;ADN;HB;2009;con cuerpo;22
Buenos Aires;Cementerio Parque Grand Bourg;M;27/01/1977;HUELLAS;Shock hipovolemico;2014;sin cuerpo;30
Buenos Aires;Cementerio Parque Grand Bourg;M;14/08/1977;HUELLAS;Muerte por carbonizacion;2014;sin cuerpo;22
Buenos Aires;Cementerio Parque Grand Bourg;M;09/11/1977;HUELLAS;Muerte por carbonizacion;2024;sin cuerpo;23
Buenos Aires;Cementerio Parque Municipal de Berazategui;F;19/09/1977;ADN;IND;2006;con cuerpo;28
Buenos Aires;Cementerio Parque Municipal de Berazategui;M;29/04/1976;ADN;Lesion contusa;2009;con cuerpo;54
Buenos Aires;Cementerio Parque Municipal de Berazategui;M;30/04/1976;ADN;Lesion contusa;2005;con cuerpo;23
Buenos Aires;Cementerio Parque Municipal de Berazategui;M;30/04/1976;ADN;Lesion contusa;2019;con cuerpo;27
Buenos Aires;Cementerio Parque Municipal de Berazategui;M;23/11/1976;ADN;IND;2013;con cuerpo;18
Buenos Aires;Cementerio Parque Municipal de Berazategui;M;10/10/1977;ADN;HB;2013;con cuerpo;23
Buenos Aires;Cementerio Parque Municipal de Berazategui;M;29/11/1977;ADN;HB;2009;con cuerpo;25
Buenos Aires;Cementerio Parque Municipal de Berazategui;M;12/10/1978;ADN;HB;2011;con cuerpo;40
Buenos Aires;Cementerio Santa M�nica;F;19/04/1977;ADN;HB;2008;con cuerpo;23
Buenos Aires;Cementerio Santa M�nica;M;29/12/1975;ADN;IND;2011;con cuerpo;24
Buenos Aires;Cementerio Santa M�nica;M;26/04/1976;ADN;HB;2007;con cuerpo;44
Buenos Aires;Cementerio Santa M�nica;M;25/08/1976;ADN;HB;2013;con cuerpo;16
Buenos Aires;Cementerio Santa M�nica;M;25/08/1976;ADN;HB;2025;con cuerpo;42
Buenos Aires;Cementerio Santa M�nica;M;24/04/1977;ADN;HB;2009;con cuerpo;23
Buenos Aires;Cementerio Santa M�nica;M;30/04/1977;ADN;IND;2012;con cuerpo;21
Buenos Aires;Cementerio Santa M�nica;M;15/05/1977;ADN;HB;2014;con cuerpo;25
Buenos Aires;Cementerio Santa M�nica;M;30/07/1977;ANTROPOLOGIA;HB;1988;con cuerpo;27
Buenos Aires;Cementerio Santa M�nica;M;23/10/1977;ADN;HB;2012;con cuerpo;44
Buenos Aires;Cementerio Santa M�nica;M;22/11/1977;HUELLAS;HB;2014;sin cuerpo;22
Buenos Aires;Comisar�a de Arana;M;09/02/1977;ADN;IND;2012;con cuerpo;24
Buenos Aires;Descampado al sur del Aeropuerto Internacional de San Fernando;F;08/03/1976;ADN;IND;2012;con cuerpo;31
Buenos Aires;Descampado al sur del Aeropuerto Internacional de San Fernando;M;08/04/1976;ADN;IND;2012;con cuerpo;21
Buenos Aires;Descampado al sur del Aeropuerto Internacional de San Fernando;M;08/09/1976;ADN;IND;2012;con cuerpo;26
Buenos Aires;Descampado al sur del Aeropuerto Internacional de San Fernando;M;08/09/1976;ADN;IND;2013;con cuerpo;22
Buenos Aires;El Chalet- Hospital Nacional Profesor Alejandro Posadas;M;01/12/1976;ADN;IND;2017;con cuerpo;32
Buenos Aires;Ex Centro Clandestino de Detenci�n El Banco;M;01/02/1978;ADN;IND;2015;con cuerpo;22
Buenos Aires;Transradio;F;12/08/1975;ADN;IND;2013;con cuerpo;25
Buenos Aires;Transradio;F;12/08/1975;ADN;IND;2013;con cuerpo;30
Buenos Aires;Transradio;M;12/08/1975;ADN;IND;2013;con cuerpo;28
Buenos Aires;Transradio;M;12/08/1975;ADN;IND;2013;con cuerpo;33
Buenos Aires;Cementerio San Antonio de Padua;M ;13/12/1975;HUELLAS;HB;2024;sin cuerpo;52
Catamarca;Cementerio Fray Mamerto Esqui�;M ;12/08/1974;ADN;HB;2006;con cuerpo;24
Catamarca;Cementerio Fray Mamerto Esqui�;M ;13/08/1974;ADN;IND;2007;con cuerpo;20
Catamarca;Cementerio Fray Mamerto Esqui�;M ;13/08/1974;HUELLAS;HB;2017;sin cuerpo;33
Chaco;Cementerio San Francisco Solano;M;01/01/1976;ADN;IND;2009;con cuerpo;25
Chaco;Cementerio San Francisco Solano;M;22/11/1976;ADN;HB;2007;con cuerpo;28
Ciudad Aut�noma de Buenos Aires;Cementerio de la Chacarita;F;28/05/1976;HUELLAS;HB;2010;sin cuerpo;22
Ciudad Aut�noma de Buenos Aires;Cementerio de la Chacarita;F;15/06/1976;HUELLAS;HB;2014;sin cuerpo;21
Ciudad Aut�noma de Buenos Aires;Cementerio de la Chacarita;F;16/06/1976;HUELLAS;HB;2014;sin cuerpo;27
Ciudad Aut�noma de Buenos Aires;Cementerio de la Chacarita;F;01/07/1976;HUELLAS;HB;2005;sin cuerpo;27
Ciudad Aut�noma de Buenos Aires;Cementerio de la Chacarita;F;29/09/1976;HUELLAS - ANTROPOLOGIA;IND;1988;con cuerpo;26
Ciudad Aut�noma de Buenos Aires;Cementerio de la Chacarita;F;11/01/1977;HUELLAS;HB;2005;sin cuerpo;26
Ciudad Aut�noma de Buenos Aires;Cementerio de la Chacarita;F;18/03/1977;ADN;HB;2004;con cuerpo;22
Ciudad Aut�noma de Buenos Aires;Cementerio de la Chacarita;F;18/03/1977;ADN;HB;2010;con cuerpo;20
Ciudad Aut�noma de Buenos Aires;Cementerio de la Chacarita;F;05/05/1977;HUELLAS;HB;2014;sin cuerpo;22
Ciudad Aut�noma de Buenos Aires;Cementerio de la Chacarita;F;19/05/1977;HUELLAS;HB;1982;sin cuerpo;42
Ciudad Aut�noma de Buenos Aires;Cementerio de la Chacarita;M;02/04/1976;HUELLAS;N/C;2015;sin cuerpo;33
Ciudad Aut�noma de Buenos Aires;Cementerio de la Chacarita;M;08/04/1976;HUELLAS;Asfixia por sumersi�n;2009;sin cuerpo;23
Ciudad Aut�noma de Buenos Aires;Cementerio de la Chacarita;M;10/04/1976;HUELLAS;Asfixia por sumersi�n;2015;sin cuerpo;21
Ciudad Aut�noma de Buenos Aires;Cementerio de la Chacarita;M;10/04/1976;HUELLAS;HB;2005;sin cuerpo;34
Ciudad Aut�noma de Buenos Aires;Cementerio de la Chacarita;M;23/04/1976;HUELLAS;N/C;2000;sin cuerpo;44
Ciudad Aut�noma de Buenos Aires;Cementerio de la Chacarita;M;28/04/1976;HUELLAS;Asfixia por sumersi�n;1999;sin cuerpo;25
Ciudad Aut�noma de Buenos Aires;Cementerio de la Chacarita;M;29/04/1976;HUELLAS;Asfixia por sumersi�n;1999;sin cuerpo;19
Ciudad Aut�noma de Buenos Aires;Cementerio de la Chacarita;M;05/05/1976;HUELLAS;HB;(en blanco);sin cuerpo;23
Ciudad Aut�noma de Buenos Aires;Cementerio de la Chacarita;M;04/06/1976;HUELLAS;N/C;1999;sin cuerpo;61
Ciudad Aut�noma de Buenos Aires;Cementerio de la Chacarita;M;15/06/1976;HUELLAS;HB;2014;sin cuerpo;21
Ciudad Aut�noma de Buenos Aires;Cementerio de la Chacarita;M;15/06/1976;HUELLAS;N/C;2001;sin cuerpo;31
Ciudad Aut�noma de Buenos Aires;Cementerio de la Chacarita;M;16/06/1976;HUELLAS;HB;2002;sin cuerpo;25
Ciudad Aut�noma de Buenos Aires;Cementerio de la Chacarita;M;16/06/1976;HUELLAS;HB;2014;sin cuerpo;24
Ciudad Aut�noma de Buenos Aires;Cementerio de la Chacarita;M;16/06/1976;HUELLAS;HB;2015;sin cuerpo;34
Ciudad Aut�noma de Buenos Aires;Cementerio de la Chacarita;M;17/06/1976;HUELLAS;HB;2001;sin cuerpo;40
Ciudad Aut�noma de Buenos Aires;Cementerio de la Chacarita;M;25/06/1976;HUELLAS;Asfixia por sumersi�n;1999;sin cuerpo;22
Ciudad Aut�noma de Buenos Aires;Cementerio de la Chacarita;M;25/06/1976;HUELLAS;HB;2000;sin cuerpo;20
Ciudad Aut�noma de Buenos Aires;Cementerio de la Chacarita;M;05/08/1976;HUELLAS;Asfixia por sumersi�n;2011;sin cuerpo;36
Ciudad Aut�noma de Buenos Aires;Cementerio de la Chacarita;M;20/08/1976;HUELLAS;HB;2024;sin cuerpo;27
Ciudad Aut�noma de Buenos Aires;Cementerio de la Chacarita;M;03/09/1976;HUELLAS;IND;2010;sin cuerpo;35
Ciudad Aut�noma de Buenos Aires;Cementerio de la Chacarita;M;19/09/1976;HUELLAS;Asfixia por sumersi�n;2014;sin cuerpo;27
Ciudad Aut�noma de Buenos Aires;Cementerio de la Chacarita;M;12/10/1976;HUELLAS;HB;2017;sin cuerpo;32
Ciudad Aut�noma de Buenos Aires;Cementerio de la Chacarita;M;21/10/1976;HUELLAS;N/C;2007;sin cuerpo;29
Ciudad Aut�noma de Buenos Aires;Cementerio de la Chacarita;M;19/11/1976;HUELLAS;HB;2004;sin cuerpo;21
Ciudad Aut�noma de Buenos Aires;Cementerio de la Chacarita;M;28/02/1977;HUELLAS - ANTROPOLOGIA;Politraumatismo;2000;con cuerpo;25
Ciudad Aut�noma de Buenos Aires;Cementerio de la Chacarita;M;02/03/1977;HUELLAS;HB;2006;sin cuerpo;22
Ciudad Aut�noma de Buenos Aires;Cementerio de la Chacarita;M;10/05/1977;HUELLAS - ANTROPOLOGIA;HB;1987;con cuerpo;22
Ciudad Aut�noma de Buenos Aires;Cementerio de la Chacarita;M;19/05/1977;HUELLAS;HB;1982;sin cuerpo;50
Ciudad Aut�noma de Buenos Aires;Cementerio de la Chacarita;M;12/08/1977;HUELLAS;N/C;2014;sin cuerpo;38
Ciudad Aut�noma de Buenos Aires;Cementerio de la Chacarita;M;23/04/1978;HUELLAS;HB;2009;sin cuerpo;27
Ciudad Aut�noma de Buenos Aires;Cementerio de la Chacarita;M;22/09/1978;HUELLAS;Politraumatismo;2025;sin cuerpo;16
C�rdoba;Cementerio de Cosqu�n;F;01/11/1976;ADN;N/C;2015;con cuerpo;37
C�rdoba;Cementerio de Cosqu�n;M;24/10/1976;ADN;N/C;2015;con cuerpo;22
C�rdoba;Cementerio San Vicente;F;24/03/1976;ADN;HB;2003;con cuerpo;21
C�rdoba;Cementerio San Vicente;F;29/06/1976;ADN;HB;2004;con cuerpo;23
C�rdoba;Cementerio San Vicente;F;09/03/1977;ANTROPOLOGIA;HB;1993;con cuerpo;21
C�rdoba;Cementerio San Vicente;F;06/11/1977;ADN;IND;2004;con cuerpo;26
C�rdoba;Cementerio San Vicente;M;15/10/1975;ADN;HB;2003;con cuerpo;27
C�rdoba;Cementerio San Vicente;M;15/10/1975;ADN;HB;2007;con cuerpo;29
C�rdoba;Cementerio San Vicente;M;12/11/1975;ADN;HB;2005;con cuerpo;42
C�rdoba;Cementerio San Vicente;M;20/12/1975;ADN;HB;2012;con cuerpo;25
C�rdoba;Cementerio San Vicente;M;26/03/1976;ADN;HB;2003;con cuerpo;18
C�rdoba;Cementerio San Vicente;M;26/03/1976;ADN;HB;2003;con cuerpo;20
C�rdoba;Cementerio San Vicente;M;28/03/1976;ADN;HB;2015;con cuerpo;28
C�rdoba;Cementerio San Vicente;M;13/05/1976;ADN;HB;2006;con cuerpo;26
C�rdoba;Cementerio San Vicente;M;15/06/1976;ADN;HB;2007;con cuerpo;21
C�rdoba;Cementerio San Vicente;M;01/07/1976;HUELLAS;HB;2003;sin cuerpo;15
C�rdoba;Cementerio San Vicente;M;12/07/1976;ADN;HB;2015;con cuerpo;64
C�rdoba;Cementerio San Vicente;M;13/07/1976;ADN;HB;2004;con cuerpo;19
C�rdoba;Cementerio San Vicente;M;19/07/1976;ADN;IND;2008;con cuerpo;21
C�rdoba;Cementerio San Vicente;M;29/07/1976;ADN;HB;2005;con cuerpo;34
C�rdoba;Cementerio San Vicente;M;13/08/1976;ADN;HB;2005;con cuerpo;29
C�rdoba;Cementerio San Vicente;M;13/08/1976;ADN;HB;2005;con cuerpo;34
C�rdoba;Cementerio San Vicente;M;03/12/1976;HUELLAS;HB;S/ RESOLUCION- No hay fecha;sin cuerpo;34
C�rdoba;Ex CCD La Perla;F;06/12/1975;ADN;IND;2015;con cuerpo;20
C�rdoba;Ex CCD La Perla;F;26/04/1976;ADN;N/C;2026;con cuerpo;35
C�rdoba;Ex CCD La Perla;F;05/05/1976;ADN;N/C;2026;con cuerpo;18
C�rdoba;Ex CCD La Perla;F;15/08/1977;ADN;N/C;2026;con cuerpo;32
C�rdoba;Ex CCD La Perla;F;11/01/1978;ADN;N/C;2026;con cuerpo;28
C�rdoba;Ex CCD La Perla;F;18/04/1976;ADN;N/C;2026;con cuerpo;18
C�rdoba;Ex CCD La Perla;F;10/09/1977;ADN;N/C;2026;con cuerpo;24
C�rdoba;Ex CCD La Perla;F;10/12/1975;ADN;N/C;2026;con cuerpo;28
C�rdoba;Ex CCD La Perla;M;05/12/1975;ADN;IND;2015;con cuerpo;27
C�rdoba;Ex CCD La Perla;M;06/12/1975;ADN;IND;2015;con cuerpo;20
C�rdoba;Ex CCD La Perla;M;06/12/1975;ADN;IND;2015;con cuerpo;22
C�rdoba;Ex CCD La Perla;M ;24/03/1976;ADN;N/C;2026;con cuerpo;24
C�rdoba;Ex CCD La Perla;M ;24/03/1976;ADN;N/C;2026;con cuerpo;36
C�rdoba;Ex CCD La Perla;M ;21/04/1976;ADN;N/C;2026;con cuerpo;32
C�rdoba;Ex CCD La Perla;M ;23/04/1976;ADN;N/C;2026;con cuerpo;25
C�rdoba;Ex CCD La Perla;M ;11/05/1976;ADN;N/C;2026;con cuerpo;16
C�rdoba;Ex CCD La Perla;M ;14/03/1977;ADN;N/C;2026;con cuerpo;21
C�rdoba;Ex CCD La Perla;M ;15/08/1977;ADN;N/C;2026;con cuerpo;30
C�rdoba;Ex CCD La Perla;M ;10/10/1977;ADN;N/C;2026;con cuerpo;25
C�rdoba;Ex CCD La Perla;M ;18/10/1977;ADN;N/C;2026;con cuerpo;27
C�rdoba;Ex CCD La Perla;M ;18/10/1977;ADN;N/C;2026;con cuerpo;45
C�rdoba;Ex CCD La Perla;M ;19/10/1977;ADN;N/C;2026;con cuerpo;39
C�rdoba;Ex CCD La Perla;M ;11/01/1978;ADN;N/C;2026;con cuerpo;31
C�rdoba;Ex CCD La Perla;M ;14/02/1977;ADN;N/C;2026;con cuerpo;28
C�rdoba;Ex CCD La Perla;M ;20/11/1976;ADN;N/C;2026;con cuerpo;23
C�rdoba;Ex CCD La Perla;M ;27/10/1977;ADN;N/C;2026;con cuerpo;50
C�rdoba;Ex CCD La Perla;M ;26/08/1976;ADN;N/C;2026;con cuerpo;23
C�rdoba;Ex CCD La Perla;M ;10/09/1977;ADN;N/C;2026;con cuerpo;24
C�rdoba;Ex CCD La Perla;M ;06/09/1976;ADN;N/C;2026;con cuerpo;27
C�rdoba;Ex CCD La Perla;M ;23/03/1976;ADN;N/C;2026;con cuerpo;23
C�rdoba;Ex CCD La Perla;M ;07/12/1975;ADN;N/C;2026;con cuerpo;23
C�rdoba;Ex CCD La Perla;M ;20/07/1976;ADN;N/C;2026;con cuerpo;42
C�rdoba;Ex CCD La Perla;M ;02/02/1978;ADN;N/C;2026;con cuerpo;35
Corrientes;Cementerio de la Santa Cruz;M;26/08/1980;ADN;IND;2009;con cuerpo;26
Corrientes;Cementerio La Merced;M;17/03/1977;ADN;IND;2018;con cuerpo;46
Corrientes;Cementerio San Roque;M;01/06/1976;ADN;IND;2018;con cuerpo;24
Corrientes;Cementerio San Roque;M;04/09/1976;ADN;HB;2014;con cuerpo;26
Corrientes;Cementerio San Roque;M;14/05/1977;ADN;HB;2007;con cuerpo;23
Entre R�os;Cementerio Sant�sima Trinidad;M;24/09/1976;ADN;HB;2007;con cuerpo;28
Jujuy;Cementerio de Yala;M;08/11/1975;ADN;IND;2012;con cuerpo;38
La Pampa;Cementerio de Alpachiri;F;16//12/1976;ADN;IND;2018;con cuerpo;27
Mendoza;Cementerio de la ciudad de Mendoza;M;13/10/1976;ADN;HB;2014;con cuerpo;26
Mendoza;Cementerio de la ciudad de Mendoza;M;02/12/1976;HUELLAS;HB;2010;sin cuerpo;25
Mendoza;Cementerio de la ciudad de Mendoza;M;16/01/1977;ADN;HB;2011;con cuerpo;28
Paraguay;Agrupaci�n Especializada;F;26/06/1977;ADN;IND;2016;con cuerpo;33
Paraguay;Agrupaci�n Especializada;M;28/01/1977;ADN;IND;2016;con cuerpo;30
Paraguay;Agrupaci�n Especializada;M;26/06/1977;ADN;IND;2016;con cuerpo;49
San Luis;Cementerio del Rosario;F;21/09/1976;ANTROPOLOGIA;HB;1985;con cuerpo;22
Santa Fe;Campo Militar San Pedro;F;15/09/1977;ADN;IND;2010;con cuerpo;25
Santa Fe;Campo Militar San Pedro;F;17/09/1977;ADN;HB;2010;con cuerpo;23
Santa Fe;Campo Militar San Pedro;M;06/08/1977;ADN;HB;2013;con cuerpo;27
Santa Fe;Campo Militar San Pedro;M;21/08/1977;ADN;IND;2010;con cuerpo;32
Santa Fe;Campo Militar San Pedro;M;17/09/1977;ADN;HB;2011;con cuerpo;27
Santa Fe;Campo Militar San Pedro;M;17/09/1977;ADN;HB;2013;con cuerpo;26
Santa Fe;Cementerio de Barrancas;M;27/09/1976;ADN;IND;2009;con cuerpo;24
Santa Fe;Cementerio de Barrancas;M;27/09/1976;ADN;IND;2009;con cuerpo;29
Santa Fe;Cementerio de Coronda;F;01/09/1975;ADN;HB;2010;con cuerpo;23
Santa Fe;Cementerio de Coronda;F;27/02/1976;ADN;HB;2007;con cuerpo;19
Santa Fe;Cementerio de Coronda;F;28/02/1976;ADN;HB;2008;con cuerpo;30
Santa Fe;Cementerio de Coronda;F;28/02/1976;ADN;IND;2004;con cuerpo;21
Santa Fe;Cementerio de Melincu�;F;26/09/1976;ADN;HB;2010;con cuerpo;22
Santa Fe;Cementerio de Melincu�;M;26/09/1976;ADN;HB;2010;con cuerpo;20
Santa Fe;Cementerio de Pav�n Arriba;M;02/01/1977;ADN;HB;2011;con cuerpo;32
Santa Fe;Cementerio de Puerto Gaboto;M;02/08/1976;ADN;HB;2006;con cuerpo;22
Santa Fe;Cementerio de San Lorenzo;M;22/03/1975;ADN;HB;2016;con cuerpo;21
Santa Fe;Cementerio de San Lorenzo;M;22/03/1975;ADN;IND;2006;con cuerpo;22
Santa Fe;Cementerio de San Lorenzo;M;15/04/1975;ADN;HB;2019;con cuerpo;20
Santa Fe;Cementerio de San Lorenzo;M;15/09/1977;ADN;HB;2014;con cuerpo;20
Santa Fe;Cementerio Jes�s Mar�a;M;06/08/1976;ADN;IND;2011;con cuerpo;24
Santa Fe;Cementerio La Piedad;F;06/08/1976;ADN;HB;2011;con cuerpo;21
Santa Fe;Cementerio La Piedad;F;06/08/1976;HUELLAS;N/C;2012;sin cuerpo;21
Santa Fe;Cementerio La Piedad;F;10/08/1976;ADN;IND;2011;con cuerpo;24
Santa Fe;Cementerio La Piedad;F;01/10/1976;ADN;HB;2012;con cuerpo;28
Santa Fe;Cementerio La Piedad;F;11/10/1976;ADN;IND;2012;con cuerpo;32
Santa Fe;Cementerio La Piedad;F;22/10/1976;ADN;HB;2023;con cuerpo;21
Santa Fe;Cementerio La Piedad;F;31/12/1976;ADN;IND;2012;con cuerpo;23
Santa Fe;Cementerio La Piedad;F;01/01/1977;HUELLAS;N/C;2013;sin cuerpo;23
Santa Fe;Cementerio La Piedad;F;10/01/1977;ADN;HB;2018;con cuerpo;22
Santa Fe;Cementerio La Piedad;F;20/01/1977;ADN;HB;2023;con cuerpo;26
Santa Fe;Cementerio La Piedad;F;23/01/1977;HUELLAS;N/C;2013;sin cuerpo;21
Santa Fe;Cementerio La Piedad;F;17/02/1977;HUELLAS;HB;2012;sin cuerpo;22
Santa Fe;Cementerio La Piedad;F;17/02/1977;HUELLAS;HB;2012;sin cuerpo;23
Santa Fe;Cementerio La Piedad;F;17/02/1977;HUELLAS;HB;2013;sin cuerpo;21
Santa Fe;Cementerio La Piedad;F;06/03/1977;ADN;HB;2015;con cuerpo;22
Santa Fe;Cementerio La Piedad;F;07/05/1977;HUELLAS;Politraumatismo;2012;sin cuerpo;23
Santa Fe;Cementerio La Piedad;F;15/05/1977;ADN;HB;2012;con cuerpo;31
Santa Fe;Cementerio La Piedad;F;15/05/1977;ADN;HB;2014;con cuerpo;34
Santa Fe;Cementerio La Piedad;F;16/05/1977;ADN;IND;2022;con cuerpo;23
Santa Fe;Cementerio La Piedad;F;19/05/1977;HUELLAS;N/C;2012;sin cuerpo;22
Santa Fe;Cementerio La Piedad;F;23/06/1977;HUELLAS;N/C;2013;sin cuerpo;46
Santa Fe;Cementerio La Piedad;M;10/04/1975;HUELLAS;N/C;2013;sin cuerpo;26
Santa Fe;Cementerio La Piedad;M;06/07/1976;ADN;IND;2012;con cuerpo;26
Santa Fe;Cementerio La Piedad;M;10/07/1976;ADN;IND;2015;con cuerpo;21
Santa Fe;Cementerio La Piedad;M;02/08/1976;HUELLAS;N/C;2012;sin cuerpo;27
Santa Fe;Cementerio La Piedad;M;20/10/1976;ADN;IND;2015;con cuerpo;25
Santa Fe;Cementerio La Piedad;M;04/11/1976;ADN;IND;2013;con cuerpo;28
Santa Fe;Cementerio La Piedad;M;01/12/1976;HUELLAS;HB;2013;sin cuerpo;24
Santa Fe;Cementerio La Piedad;M;10/12/1976;ADN;IND;2013;con cuerpo;29
Santa Fe;Cementerio La Piedad;M;17/12/1976;HUELLAS;N/C;2012;sin cuerpo;20
Santa Fe;Cementerio La Piedad;M;18/12/1976;ADN;HB;2014;con cuerpo;18
Santa Fe;Cementerio La Piedad;M;31/12/1976;ADN;HB;2015;con cuerpo;25
Santa Fe;Cementerio La Piedad;M;01/01/1977;HUELLAS;HB;2012;sin cuerpo;26
Santa Fe;Cementerio La Piedad;M;02/01/1977;HUELLAS;N/C;2012;sin cuerpo;27
Santa Fe;Cementerio La Piedad;M;05/02/1977;ADN;IND;2019;con cuerpo;25
Santa Fe;Cementerio La Piedad;M;10/02/1977;ADN;IND;2018;con cuerpo;25
Santa Fe;Cementerio La Piedad;M;17/02/1977;HUELLAS;HB;2012;sin cuerpo;23
Santa Fe;Cementerio La Piedad;M;17/02/1977;HUELLAS;HB;2013;sin cuerpo;28
Santa Fe;Cementerio La Piedad;M;26/02/1977;ADN;IND;2019;con cuerpo;28
Santa Fe;Cementerio La Piedad;M;28/02/1977;ADN;IND;2015;con cuerpo;34
Santa Fe;Cementerio La Piedad;M;28/02/1977;ADN;IND;2020;con cuerpo;29
Santa Fe;Cementerio La Piedad;M;17/03/1977;HUELLAS;HB;2012;sin cuerpo;20
Santa Fe;Cementerio La Piedad;M;19/03/1977;ADN;IND;2014;con cuerpo;23
Santa Fe;Cementerio La Piedad;M;21/05/1977;HUELLAS;N/C;2013;sin cuerpo;21
Santa Fe;Cementerio La Piedad;M;22/05/1977;HUELLAS;IND;2012;sin cuerpo;28
Santa Fe;Cementerio La Piedad;M;23/06/1977;HUELLAS;N/C;2012;sin cuerpo;32
Santa Fe;Cementerio La Piedad;M;23/06/1977;HUELLAS;N/C;2013;sin cuerpo;27
Santa Fe;Cementerio La Piedad;M;01/07/1977;HUELLAS;N/C;2012;sin cuerpo;20
Santa Fe;Cementerio La Piedad;M;04/07/1977;HUELLAS;HB;2012;sin cuerpo;24
Santa Fe;Cementerio La Piedad;M;16/09/1977;ADN;HB;2013;con cuerpo;24
Santa Fe;Cementerio La Piedad;M;06/11/1977;ADN;IND;2013;con cuerpo;37
Santa Fe;Cementerio San Juan Bautista;F;14/09/1976;ADN;HB;2011;con cuerpo;21
Santa Fe;Cementerio Santa Fe de la Vera Cruz;F;12/10/1976;HUELLAS  ;HB;2000;sin cuerpo;31
Santa Fe;Cementerio Santa Fe de la Vera Cruz;F;04/01/1977;ADN;HB;2008;con cuerpo;28
Santa Fe;Cementerio Santa Fe de la Vera Cruz;F;12/02/1977;HUELLAS - ANTROPOLOGIA;HB;2000;con cuerpo;32
Santa Fe;Cementerio Santa Fe de la Vera Cruz;F;01/03/1977;HUELLAS - ANTROPOLOGIA;IND;1999;con cuerpo;22
Santa Fe;Cementerio Santa Fe de la Vera Cruz;F;24/03/1977;HUELLAS - ANTROPOLOGIA;IND;1999;con cuerpo;22
Santa Fe;Cementerio Santa Fe de la Vera Cruz;M;01/09/1976;HUELLAS  ;N/C;2000;sin cuerpo;26
Santa Fe;Cementerio Santa Fe de la Vera Cruz;M;27/09/1976;ADN;HB;2010;con cuerpo;21
Santa Fe;Cementerio Santa Fe de la Vera Cruz;M;01/10/1976;HUELLAS  ;HB;2002;sin cuerpo;24
Santa Fe;Cementerio Santa Fe de la Vera Cruz;M;23/11/1976;ADN;HB;2012;con cuerpo;21
Santa Fe;Cementerio Santa Fe de la Vera Cruz;M;11/02/1977;HUELLAS - ANTROPOLOGIA;N/C;2000;con cuerpo;30
Santa Fe;Cementerio Santa Fe de la Vera Cruz;M;12/02/1977;HUELLAS  ;HB;2000;sin cuerpo;30
Santa Fe;Cementerio Santa Fe de la Vera Cruz;M ;06/07/1976;HUELLAS - ANTROPOLOGIA;HB;1999;con cuerpo;27
Santa Fe;Cementerio Santa Fe de la Vera Cruz;M ;08/09/1976;HUELLAS - ANTROPOLOGIA;IND;1999;con cuerpo;22
Santiago del Estero;Cementerio de Pozo Hondo;M;26/06/1975;ADN;HB;2010;con cuerpo;41
Santiago del Estero;Cementerio La Esperanza;F;19/06/1978;ADN;HB;2008;con cuerpo;38
Tucum�n;Cementerio de Choromoro;M;19/09/1978;ADN;HB;2013;con cuerpo;26
Tucum�n;Cementerio de Tacanas;F;28/04/1977;ADN;IND;2012;con cuerpo;25
Tucum�n;Cementerio de Tacanas;F;29/04/1977;ADN;IND;2013;con cuerpo;27
Tucum�n;Cementerio de Tacanas;M;28/04/1977;ADN;HB;2012;con cuerpo;29
Tucum�n;Cementerio del Norte;F;20/05/1976;ADN;HB;2010;con cuerpo;22
Tucum�n;Cementerio del Norte;M;22/06/1975;ADN;HB;2015;con cuerpo;24
Tucum�n;Cementerio del Norte;M;12/08/1975;HUELLAS;IND;2013;sin cuerpo;25
Tucum�n;Cementerio del Norte;M;22/08/1975;HUELLAS;HB;2005;sin cuerpo;24
Tucum�n;Cementerio del Norte;M;12/09/1975;HUELLAS;IND;2014;sin cuerpo;19
Tucum�n;Cementerio del Norte;M;18/02/1976;HUELLAS;HB;2005;sin cuerpo;21
Tucum�n;Cementerio del Norte;M;16/03/1976;ADN;HB;2012;con cuerpo;40
Tucum�n;Cementerio del Norte;M;24/03/1976;ADN;HB;2010;con cuerpo;33
Tucum�n;Cementerio del Norte;M;12/07/1976;ADN;IND;2009;con cuerpo;32
Tucum�n;Cementerio del Norte;M;26/07/1976;ADN;HB;2012;con cuerpo;33
Tucum�n;Cementerio del Norte;M;17/08/1976;ADN;HB;2009;con cuerpo;29
Tucum�n;Cementerio del Norte;M;01/08/1977;ADN;HB;2010;con cuerpo;30
Tucum�n;Ex CCD Arsenal Miguel de Azcu�naga;M;16/09/1976;ADN;IND;2012;con cuerpo;33
Tucum�n;Ex CCD Arsenal Miguel de Azcu�naga;M;14/10/1976;ADN;IND;2018;con cuerpo;35
Tucum�n;Ex CCD Arsenal Miguel de Azcu�naga;M;01/11/1976;ADN;IND;2012;con cuerpo;28
Tucum�n;Ex CCD Arsenal Miguel de Azcu�naga;M;13/11/1976;ADN;HB;2012;con cuerpo;24
Tucum�n;Ex CCD Arsenal Miguel de Azcu�naga;M;07/01/1977;ADN;HB;2012;con cuerpo;23
Tucum�n;Ex CCD Arsenal Miguel de Azcu�naga;M;08/01/1977;ADN;HB;2012;con cuerpo;51
Tucum�n;Ex CCD Arsenal Miguel de Azcu�naga;M;13/01/1977;ADN;IND;2012;con cuerpo;44
Tucum�n;Ex CCD Arsenal Miguel de Azcu�naga;M;21/01/1977;ADN;HB;2012;con cuerpo;36
Tucum�n;Ex CCD Arsenal Miguel de Azcu�naga;M;28/01/1977;ADN;IND;2012;con cuerpo;49
Tucum�n;Ex CCD Arsenal Miguel de Azcu�naga;M;13/02/1977;ADN;HB;2012;con cuerpo;66
Tucum�n;Ex CCD Arsenal Miguel de Azcu�naga;M;26/02/1977;ADN;HB;2012;con cuerpo;28
Tucum�n;Ex CCD Arsenal Miguel de Azcu�naga;M;26/02/1977;ADN;HB;2012;con cuerpo;64
Tucum�n;Ex CCD Arsenal Miguel de Azcu�naga;M;26/02/1977;ADN;IND;2012;con cuerpo;31
Tucum�n;Ex CCD Arsenal Miguel de Azcu�naga;M ;18/02/1977;ADN;IND;2025;con cuerpo;34
Tucum�n;Pozo de Vargas;F;26/01/1976;ADN;IND;2021;con cuerpo;20
Tucum�n;Pozo de Vargas;F;17/02/1976;ADN;IND;2012;con cuerpo;22
Tucum�n;Pozo de Vargas;F;25/02/1976;ADN;HB;2013;con cuerpo;34
Tucum�n;Pozo de Vargas;F;01/03/1976;ADN;HB;2015;con cuerpo;37
Tucum�n;Pozo de Vargas;F;09/04/1976;ADN;IND;2014;con cuerpo;25
Tucum�n;Pozo de Vargas;F;20/05/1976;ADN;IND;2012;con cuerpo;60
Tucum�n;Pozo de Vargas;F;22/06/1976;ADN;HB;2014;con cuerpo;21
Tucum�n;Pozo de Vargas;F;08/08/1976;ADN;HB;2016;con cuerpo;37
Tucum�n;Pozo de Vargas;F;04/09/1976;ADN;HB;2015;con cuerpo;26
Tucum�n;Pozo de Vargas;F;23/09/1976;ADN;IND;2017;con cuerpo;37
Tucum�n;Pozo de Vargas;F;05/10/1976;ADN;IND;2019;con cuerpo;27
Tucum�n;Pozo de Vargas;F;02/11/1976;ADN;HB;2016;con cuerpo;23
Tucum�n;Pozo de Vargas;F;02/11/1976;ADN;HB;2016;con cuerpo;28
Tucum�n;Pozo de Vargas;F;02/11/1976;ADN;HB;2017;con cuerpo;26
Tucum�n;Pozo de Vargas;F;02/11/1976;ADN;IND;2016;con cuerpo;26
Tucum�n;Pozo de Vargas;F;02/11/1976;ADN;IND;2016;con cuerpo;51
Tucum�n;Pozo de Vargas;F;02/11/1976;ADN;IND;2025;con cuerpo;22
Tucum�n;Pozo de Vargas;F;23/11/1976;ADN;IND;2015;con cuerpo;24
Tucum�n;Pozo de Vargas;F;07/02/1977;ADN;HB;2013;con cuerpo;29
Tucum�n;Pozo de Vargas;F;18/05/1977;ADN;IND;2015;con cuerpo;30
Tucum�n;Pozo de Vargas;M;04/05/1975;ADN;HB;2016;con cuerpo;54
Tucum�n;Pozo de Vargas;M;17/05/1975;ADN;IND;2014;con cuerpo;22
Tucum�n;Pozo de Vargas;M;17/12/1975;ADN;IND;2021;con cuerpo;24
Tucum�n;Pozo de Vargas;M;27/12/1975;ADN;IND;2017;con cuerpo;26
Tucum�n;Pozo de Vargas;M;07/01/1976;ADN;HB;2019;con cuerpo;27
Tucum�n;Pozo de Vargas;M;08/01/1976;ADN;IND;2014;con cuerpo;27
Tucum�n;Pozo de Vargas;M;12/01/1976;ADN;IND;2013;con cuerpo;22
Tucum�n;Pozo de Vargas;M;20/01/1976;ADN;IND;2017;con cuerpo;28
Tucum�n;Pozo de Vargas;M;20/01/1976;ADN;IND;2017;con cuerpo;30
Tucum�n;Pozo de Vargas;M;21/01/1976;ADN;IND;2014;con cuerpo;28
Tucum�n;Pozo de Vargas;M;22/01/1976;ADN;IND;2014;con cuerpo;54
Tucum�n;Pozo de Vargas;M;27/01/1976;ADN;IND;2015;con cuerpo;37
Tucum�n;Pozo de Vargas;M;02/02/1976;ADN;IND;2015;con cuerpo;24
Tucum�n;Pozo de Vargas;M;07/02/1976;ADN;IND;2017;con cuerpo;19
Tucum�n;Pozo de Vargas;M;13/02/1976;ADN;IND;2015;con cuerpo;33
Tucum�n;Pozo de Vargas;M;14/02/1976;ADN;IND;2013;con cuerpo;39
Tucum�n;Pozo de Vargas;M;17/02/1976;ADN;IND;2023;con cuerpo;22
Tucum�n;Pozo de Vargas;M;18/02/1976;ADN;IND;2014;con cuerpo;37
Tucum�n;Pozo de Vargas;M;20/02/1976;ADN;IND;2015;con cuerpo;22
Tucum�n;Pozo de Vargas;M;27/02/1976;ADN;IND;2019;con cuerpo;22
Tucum�n;Pozo de Vargas;M;01/03/1976;ADN;IND;2024;con cuerpo;(en blanco)
Tucum�n;Pozo de Vargas;M;13/03/1976;ADN;IND;2013;con cuerpo;34
Tucum�n;Pozo de Vargas;M;13/03/1976;ADN;IND;2013;con cuerpo;64
Tucum�n;Pozo de Vargas;M;24/03/1976;ADN;IND;2011;con cuerpo;35
Tucum�n;Pozo de Vargas;M;01/04/1976;ADN;IND;2014;con cuerpo;29
Tucum�n;Pozo de Vargas;M;02/04/1976;ADN;IND;2014;con cuerpo;31
Tucum�n;Pozo de Vargas;M;07/04/1976;ADN;HB;2015;con cuerpo;39
Tucum�n;Pozo de Vargas;M;09/04/1976;ADN;IND;2015;con cuerpo;27
Tucum�n;Pozo de Vargas;M;14/04/1976;ADN;IND;2016;con cuerpo;23
Tucum�n;Pozo de Vargas;M;15/04/1976;ADN;HB;2019;con cuerpo;27
Tucum�n;Pozo de Vargas;M;15/04/1976;ADN;IND;2015;con cuerpo;22
Tucum�n;Pozo de Vargas;M;15/04/1976;ADN;IND;2016;con cuerpo;22
Tucum�n;Pozo de Vargas;M;15/04/1976;ADN;IND;2016;con cuerpo;23
Tucum�n;Pozo de Vargas;M;23/04/1976;ADN;IND;2016;con cuerpo;30
Tucum�n;Pozo de Vargas;M;24/04/1976;ADN;HB;2016;con cuerpo;49
Tucum�n;Pozo de Vargas;M;26/04/1976;ADN;HB;2016;con cuerpo;20
Tucum�n;Pozo de Vargas;M;03/05/1976;ADN;IND;2016;con cuerpo;28
Tucum�n;Pozo de Vargas;M;07/05/1976;ADN;HB;2017;con cuerpo;22
Tucum�n;Pozo de Vargas;M;17/05/1976;ADN;IND;2014;con cuerpo;45
Tucum�n;Pozo de Vargas;M;19/05/1976;ADN;IND;2015;con cuerpo;18
Tucum�n;Pozo de Vargas;M;19/05/1976;ADN;IND;2019;con cuerpo;29
Tucum�n;Pozo de Vargas;M;22/05/1976;ADN;HB;2017;con cuerpo;25
Tucum�n;Pozo de Vargas;M;26/05/1976;ADN;IND;2015;con cuerpo;19
Tucum�n;Pozo de Vargas;M;27/05/1976;ADN;HB;2016;con cuerpo;30
Tucum�n;Pozo de Vargas;M;27/05/1976;ADN;IND;2016;con cuerpo;45
Tucum�n;Pozo de Vargas;M;28/05/1976;ADN;HB;2016;con cuerpo;27
Tucum�n;Pozo de Vargas;M;28/05/1976;ADN;HB;2017;con cuerpo;23
Tucum�n;Pozo de Vargas;M;28/05/1976;ADN;HB;2017;con cuerpo;39
Tucum�n;Pozo de Vargas;M;30/05/1976;ADN;IND;2015;con cuerpo;42
Tucum�n;Pozo de Vargas;M;03/06/1976;ADN;IND;2024;con cuerpo;40
Tucum�n;Pozo de Vargas;M;08/06/1976;ADN;IND;2016;con cuerpo;52
Tucum�n;Pozo de Vargas;M;11/06/1976;ADN;HB;2017;con cuerpo;24
Tucum�n;Pozo de Vargas;M;11/06/1976;ADN;IND;2016;con cuerpo;21
Tucum�n;Pozo de Vargas;M;11/06/1976;ADN;IND;2024;con cuerpo;29
Tucum�n;Pozo de Vargas;M;22/06/1976;ADN;HB;2016;con cuerpo;24
Tucum�n;Pozo de Vargas;M;22/06/1976;ADN;HB;2016;con cuerpo;27
Tucum�n;Pozo de Vargas;M;21/07/1976;ADN;IND;2016;con cuerpo;20
Tucum�n;Pozo de Vargas;M;24/07/1976;ADN;HB;2014;con cuerpo;27
Tucum�n;Pozo de Vargas;M;24/07/1976;ADN;HB;2017;con cuerpo;36
Tucum�n;Pozo de Vargas;M;08/08/1976;ADN;IND;2017;con cuerpo;34
Tucum�n;Pozo de Vargas;M;24/08/1976;ADN;HB;2016;con cuerpo;34
Tucum�n;Pozo de Vargas;M;04/09/1976;ADN;HB;2015;con cuerpo;32
Tucum�n;Pozo de Vargas;M;04/09/1976;ADN;HB;2016;con cuerpo;27
Tucum�n;Pozo de Vargas;M;08/09/1976;ADN;HB;2015;con cuerpo;35
Tucum�n;Pozo de Vargas;M;14/09/1976;ADN;HB;2016;con cuerpo;25
Tucum�n;Pozo de Vargas;M;14/09/1976;ADN;IND;2014;con cuerpo;23
Tucum�n;Pozo de Vargas;M;16/09/1976;ADN;HB;2016;con cuerpo;26
Tucum�n;Pozo de Vargas;M;17/09/1976;ADN;HB;2014;con cuerpo;21
Tucum�n;Pozo de Vargas;M;17/09/1976;ADN;HB;2016;con cuerpo;26
Tucum�n;Pozo de Vargas;M;17/09/1976;ADN;IND;2018;con cuerpo;26
Tucum�n;Pozo de Vargas;M;20/09/1976;ADN;HB;2015;con cuerpo;25
Tucum�n;Pozo de Vargas;M;27/09/1976;ADN;HB;2017;con cuerpo;30
Tucum�n;Pozo de Vargas;M;09/10/1976;ADN;HB;2014;con cuerpo;30
Tucum�n;Pozo de Vargas;M;09/10/1976;ADN;HB;2016;con cuerpo;27
Tucum�n;Pozo de Vargas;M;09/10/1976;ADN;IND;2014;con cuerpo;28
Tucum�n;Pozo de Vargas;M;09/10/1976;ADN;IND;2016;con cuerpo;37
Tucum�n;Pozo de Vargas;M;18/10/1976;ADN;IND;2015;con cuerpo;23
Tucum�n;Pozo de Vargas;M;19/10/1976;ADN;HB;2013;con cuerpo;32
Tucum�n;Pozo de Vargas;M;20/10/1976;ADN;IND;2017;con cuerpo;23
Tucum�n;Pozo de Vargas;M;21/10/1976;ADN;IND;2017;con cuerpo;19
Tucum�n;Pozo de Vargas;M;02/11/1976;ADN;IND;2015;con cuerpo;21
Tucum�n;Pozo de Vargas;M;02/11/1976;ADN;IND;2016;con cuerpo;24
Tucum�n;Pozo de Vargas;M;02/11/1976;ADN;IND;2017;con cuerpo;57
Tucum�n;Pozo de Vargas;M;03/11/1976;ADN;IND;2014;con cuerpo;20
Tucum�n;Pozo de Vargas;M;06/11/1976;ADN;HB;2016;con cuerpo;29
Tucum�n;Pozo de Vargas;M;13/11/1976;ADN;HB;2013;con cuerpo;51
Tucum�n;Pozo de Vargas;M;13/11/1976;ADN;HB;2015;con cuerpo;48
Tucum�n;Pozo de Vargas;M;24/11/1976;ADN;IND;2014;con cuerpo;29
Tucum�n;Pozo de Vargas;M;15/12/1976;ADN;HB;2014;con cuerpo;57
Tucum�n;Pozo de Vargas;M;21/12/1976;ADN;IND;2017;con cuerpo;42
Tucum�n;Pozo de Vargas;M;24/12/1976;ADN;HB;2014;con cuerpo;26
Tucum�n;Pozo de Vargas;M;24/12/1976;ADN;HB;2016;con cuerpo;22
Tucum�n;Pozo de Vargas;M;24/12/1976;ADN;IND;2015;con cuerpo;29
Tucum�n;Pozo de Vargas;M;29/12/1976;ADN;HB;2015;con cuerpo;57
Tucum�n;Pozo de Vargas;M;05/01/1977;ADN;IND;2013;con cuerpo;28
Tucum�n;Pozo de Vargas;M;24/01/1977;ADN;HB;2017;con cuerpo;34
Tucum�n;Pozo de Vargas;M;27/01/1977;ADN;HB;2016;con cuerpo;29
Tucum�n;Pozo de Vargas;M;11/03/1977;ADN;IND;2015;con cuerpo;21
Tucum�n;Pozo de Vargas;M;17/05/1977;ADN;IND;2017;con cuerpo;41
Tucum�n;Pozo de Vargas;M;24/05/1977;ADN;IND;2016;con cuerpo;26
Tucum�n;Pozo de Vargas;M;31/05/1977;ADN;HB;2017;con cuerpo;28
Uruguay;Cementerio de Colonia del Sacramento;M;10/02/1976;ADN;LC x H;2011;con cuerpo;20
Uruguay;Cementerio de Colonia del Sacramento;M;09/04/1976;ADN;LC x H;2017;con cuerpo;22
Uruguay;Cementerio de Colonia del Sacramento;M;14/06/1976;ADN;LC x H;2010;con cuerpo;24
Uruguay;Cementerio de Colonia del Sacramento;M;08/07/1976;ADN;LC x H;2021;con cuerpo;28
Uruguay;Cementerio de Colonia del Sacramento;M ;21/07/1976;ADN;LC x H;2011;con cuerpo;23
Uruguay;Cementerio de Rocha;F;09/04/1976;HUELLAS;IND;2011;sin cuerpo;19
Uruguay;Cementerio de Rocha;M;09/04/1976;ADN;LC x H;2011;con cuerpo;27
Uruguay;Cementerio de Rocha;M;09/04/1976;HUELLAS;IND;2011;sin cuerpo;22
Uruguay;Cementerio del Norte;F;19/04/1976;HUELLAS;IND;2011;sin cuerpo;31
